Sample,SRR7160364,SRR7162300,SRR7162310,SRR7162312,SRR7162313,SRR7162314,SRR7162317,SRR7162319,SRR7162324,SRR7162327,SRR7162328,SRR7162329,SRR7162330,SRR7162333,SRR7162337,SRR7162338,SRR7162341,SRR7162342,SRR7162348,SRR7162350,SRR7162354,SRR7162357,SRR7162360,SRR7162364,SRR7162367,SRR7162368,SRR7162369,SRR7162371,SRR7162373,SRR7162375,SRR7162376,SRR7162381,SRR7162384,SRR7162385,SRR7162392,SRR7162394,SRR7162395,SRR7162397,SRR7162406,SRR7162409,SRR7162412,SRR7162417,SRR7162419,SRR7162420
Acetohalobium arabaticum,0,171.47354,0,0,0,0,0,0,0,0,0,0,0,0,0,0,0,0,0,0,0,0,0,0,0,0,0,0,0,0,0,0,0,0,0,0,0,0,0,0,0,0,0,0
Acholeplasma laidlawii,0,0,0,0,0,0,0,0,75.91972,0,0,73.00285,0,68.86493,0,0,0,56.819557,0,0,0,0,0,0,0,0,0,0,0,0,0,0,0,83.92582,90.88203,0,138.28032,0,0,82.34558,0,0,0,0
Achromobacter xylosoxidans,0,0,0,0,0,0,0,0,0,0,97.877266,0,0,0,0,0,0,0,0,0,0,0,0,0,0,0,0,0,0,0,0,0,0,0,0,0,0,0,262.82544,0,0,0,0,0
Acidaminococcus fermentans,5578.89546,4366.05495,4597.72374,6933.010701,17560.22918,15519.29394,6986.7402,7416.96995,9905.925935,0,6087.211866,3198.491446,2616.48352,14866.67048,5664.6225,607.050015,7602.4529,5827.673553,14575.74727,6831.94732,12357.3978,1809.49428,36023.0495,10929.82938,3144.678135,6699.73086,8786.00281,5091.348435,2318.68591,6682.962871,2243.264102,3598.699455,8595.65539,7453.93555,1248.178075,0,2782.37032,2175.05347,12840.65112,8736.482047,991.843347,5358.54792,37881.23013,10352.38924
Acidimicrobium ferrooxidans,1435.6661,432.05339,0,0,3080.50845,0,0,0,0,1195.2577,0,124.37524,10522.041,52.390873,0,0,592.01434,58.75305,376.6837,0,0,361.90976,1155.1302,1388.6119,499.2571,0,0,157.95468,0,822.80331,0,0,302.77316,0,0,402.87143,0,0,0,94.88454,446.21515,0,165.37697,393.39014
Acidothermus cellulolyticus,0,0,0,0,0,0,0,0,0,0,0,0,0,0,0,0,0,0,0,0,0,0,0,0,0,0,0,0,0,0,0,0,0,0,0,0,0,0,0,0,0,0,0,0
Acidovorax avenae,0,0,0,0,0,0,0,0,0,0,0,0,0,0,0,0,0,0,0,0,0,0,0,0,0,0,0,0,0,0,0,0,0,0,0,0,0,0,0,0,0,0,0,0
Acidovorax citrulli,0,0,0,0,0,0,0,0,0,0,0,0,0,0,0,0,0,0,0,0,0,0,0,0,0,0,0,0,0,0,0,0,0,0,0,0,0,0,0,0,0,0,0,0
Acidovorax ebreus,0,0,0,0,0,0,0,0,0,0,0,0,0,0,0,0,0,0,0,0,118.78894,0,0,0,0,0,0,0,0,0,0,0,0,0,0,0,0,0,100.37481,0,0,0,0,0
Acidovorax sp. JS42,0,0,0,0,0,0,0,0,0,0,0,0,0,0,0,0,0,0,0,0,0,0,105.775566,0,0,0,0,0,0,0,0,0,0,0,0,0,0,0,0,0,0,0,0,0
Actinobacillus pleuropneumoniae,0,0,0,0,0,0,885.27832,0,0,0,0,0,0,0,0,0,0,0,0,0,0,0,0,0,0,0,0,0,0,87.58388,0,0,0,0,0,0,0,0,0,0,0,0,0,0
Actinobacillus succinogenes,0,0,0,0,0,0,115.51032,0,0,0,0,0,0,0,0,0,0,0,0,0,198.22859,0,0,0,0,0,0,0,0,0,0,0,0,0,0,0,0,0,0,80.97713,0,0,0,0
Aerococcus urinae,0,61.624187,0,0,0,0,0,0,0,0,0,121.806274,0,180.12997,0,0,0,79.91496,0,0,0,0,149.778386,0,0,0,0,0,0,0,0,0,0,0,0,0,0,0,0,0,0,71.36883,0,0
Aeromonas veronii,0,0,0,0,0,0,0,0,0,0,0,0,0,0,0,0,0,0,0,0,0,0,0,0,0,0,0,0,0,0,0,0,0,0,0,0,0,0,0,0,0,0,0,0
Aggregatibacter actinomycetemcomitans,0,0,0,74.191246,0,20.793453,1176.10406,0,94.96465,0,98.43123,0,0,0,0,0,0,0,74.34203,0,0,0,0,0,0,0,0,0,0,0,0,0,0,0,0,0,0,0,0,161.94229,0,0,0,0
Aggregatibacter aphrophilus,0,0,0,283.2756,0,26.464428,146.248177,0,0,0,0,0,0,0,0,0,0,138.67162,110.67766,0,0,0,0,0,0,0,0,0,0,0,0,0,0,0,0,0,0,0,0,219.1336,0,0,0,281.91623
Akkermansia muciniphila,0,0,0,0,0,0,1096.7192,0,0,25297.0714,0,56.789165,6365.99632,3341.24836,0,7727.305,57.091084,0,0,0,0,0,0,0,0,0,4021.5044,386.90916,0,447.39696,0,0,135.78523,100.54324,0,0,0,0,0,55.08968,211.339424,0,242.65204,0
Albidiferax ferrireducens,0,0,0,0,0,0,0,0,0,0,0,0,0,0,0,0,0,0,0,0,0,0,0,0,0,0,0,0,0,100.60482,0,0,0,0,0,0,0,0,0,0,0,0,0,0
Alicycliphilus denitrificans,0,0,0,0,0,0,0,0,0,0,0,0,0,0,0,0,0,0,0,0,0,0,0,0,0,0,0,0,0,0,0,0,0,64.58202,0,0,0,0,0,0,0,0,0,0
Alicyclobacillus acidocaldarius,0,1276.0781,0,0,0,0,0,0,83.33157,0,0,0,0,0,0,0,0,2746.4473,1442.3934,0,0,0,0,0,0,0,877.4389,183.37712,0,0,0,0,0,339.47586,0,0,0,0,0,0,0,0,0,0
Aliivibrio fischeri,0,0,0,0,0,0,0,0,85.195526,0,0,0,0,0,0,0,0,0,0,0,0,0,0,0,0,0,0,0,0,0,0,0,0,0,0,0,0,0,0,0,0,0,0,0
Alkaliphilus metalliredigens,0,0,0,0,0,0,0,0,0,0,0,0,0,0,0,0,0,0,0,0,0,0,156.10909,0,0,0,0,151.1331,0,665.96264,0,90.57556,153.31818,0,1013.877107,86.03955,0,0,0,0,0,0,0,173.57707
Alkaliphilus oremlandii,0,683.13563,71.927826,0,0,0,0,106.047066,610.74286,0,0,0,0,543.53155,283.32153,0,579.32302,277.76956,0,0,0,524.4254,0,0,0,417.13696,1434.409,597.5018,0,68.01824,0,0,513.65983,690.58155,236.71756,0,0,0,0,210.32472,0,0,0,407.49985
Allochromatium vinosum,0,0,0,0,0,0,0,0,0,0,0,0,0,0,0,0,0,0,0,0,0,0,0,0,0,0,0,0,0,0,0,0,0,0,0,0,0,0,0,0,0,0,0,0
Alteromonas sp. SN2,0,0,0,0,0,0,0,0,0,0,0,0,0,0,0,0,0,0,0,0,0,0,0,0,0,0,0,0,0,0,0,0,0,0,0,0,0,0,0,0,0,0,0,0
Aminobacterium colombiense,0,0,0,0,141.40599,0,0,0,0,0,0,0,0,0,0,0,0,0,0,0,0,0,0,0,0,0,0,0,0,2320.55518,0,0,0,0,0,0,0,0,139.51872,0,0,0,0,0
Ammonifex degensii,0,96.68541,0,0,0,0,0,0,0,0,0,0,0,104.70568,125.49988,0,0,0,0,0,0,101.380135,0,0,0,0,0,0,0,0,0,0,124.710045,0,53.24195,0,0,0,0,67.11377,0,63.83614,0,0
Amycolatopsis mediterranei,0,0,0,0,0,0,0,0,0,0,0,0,0,0,0,0,0,0,0,0,0,0,0,0,0,0,0,0,0,0,0,0,0,0,0,0,0,0,0,0,0,0,0,0
Anaerococcus prevotii,0,221.04889,0,137.25616,211.55084,258.92325,292.4468,563.50832,680.78147,0,0,0,0,620.724112,0,0,549.72072,1272.664848,1482.342905,135.14214,119.83701,361.04164,0,0,0,313.88637,537.05473,498.197574,0,1156.810685,0,95.908844,906.56099,56.414764,1142.33206,0,0,146.71863,0,295.02011,174.78087,0,76.675865,87.53203
Anaerolinea thermophila,0,0,0,0,345.5869,0,0,0,0,0,0,0,0,0,0,0,0,0,0,0,0,0,0,0,0,0,0,0,0,0,0,0,0,0,127.44679,0,0,0,167.29128,0,0,0,0,0
Anaeromyxobacter dehalogenans,0,0,0,0,0,0,0,0,0,0,0,0,0,0,0,0,0,0,0,0,0,0,0,0,0,0,0,0,0,0,0,0,0,0,0,0,0,0,0,0,0,0,0,0
Anoxybacillus flavithermus,0,0,0,0,0,0,0,0,0,0,0,0,0,0,0,0,0,0,0,0,0,0,0,0,0,0,0,0,0,0,0,0,0,0,0,0,0,0,0,47.37235,0,0,0,0
Aquifex aeolicus,0,0,0,0,0,0,0,0,0,0,0,0,0,60.368557,0,0,0,0,0,0,0,0,0,0,0,0,0,0,0,0,0,0,0,0,0,0,0,0,0,0,0,0,0,0
Arcanobacterium haemolyticum,0,0,0,0,0,0,0,0,0,0,0,0,0,0,0,0,0,0,0,0,0,0,0,0,0,0,0,0,0,0,0,0,0,0,0,0,0,0,0,0,0,0,0,0
Aromatoleum aromaticum,0,0,0,0,0,0,0,0,0,0,0,0,0,0,0,0,0,0,0,0,0,153.7375,0,0,0,120.22312,0,0,0,0,0,0,0,0,0,0,0,0,0,0,0,0,0,0
Atopobium parvulum,0,0,0,70.2511,395.24896,37.863773,0,196.63364,125.75842,0,123.84876,0,0,0,0,0,149.6946,0,0,0,271.17928,0,235.04022,0,0,0,0,0,0,360.48708,0,190.56677,213.496105,69.56839,0,0,246.35524,0,0,92.9638,165.69603,0,66.57904,292.21304
Azoarcus sp. BH72,0,0,0,0,0,0,0,0,0,0,0,0,0,0,0,0,0,0,0,0,0,0,0,0,0,66.275276,0,95.851326,0,0,89.29266,0,0,0,0,0,0,0,0,0,0,0,0,0
Azorhizobium caulinodans,0,0,0,0,0,0,0,0,0,0,0,0,0,0,172.21152,0,0,0,0,0,0,0,0,0,0,0,0,0,0,0,0,0,0,0,0,0,0,0,0,0,0,0,0,0
Azospirillum sp. B510,0,0,0,0,0,0,0,0,0,0,0,0,0,0,0,0,0,0,0,0,0,0,0,0,0,0,0,0,0,0,0,0,0,0,0,0,0,0,0,70.71679,0,0,0,0
Bacillus cellulosilyticus,0,0,0,0,0,0,0,0,0,0,0,0,0,0,0,0,0,0,0,0,0,0,0,0,0,0,0,0,0,0,0,0,0,0,0,0,0,0,0,0,0,0,0,0
Bacillus clausii,0,0,0,0,0,0,0,0,0,0,0,0,0,0,0,0,0,0,0,0,0,0,0,0,0,0,0,0,0,0,0,114.821686,0,0,0,0,0,0,0,0,0,0,0,0
Bacillus coagulans,0,61.0266,0,100.1653,110.707634,0,0,0,0,0,0,0,0,0,0,0,0,90.85144,0,0,0,0,0,0,0,0,0,0,0,0,0,0,0,0,0,0,0,0,0,0,0,0,0,0
Bacillus halodurans,0,0,0,0,0,0,0,0,0,0,0,0,165.70676,0,0,0,0,0,0,0,0,0,0,0,0,0,0,0,0,0,0,0,79.52753,0,0,0,0,0,0,0,0,0,0,0
Bacillus megaterium,0,0,0,0,0,0,0,0,0,0,0,0,0,0,0,159.806778,0,0,0,0,0,0,81.131805,0,0,0,120.05974,0,0,0,0,0,0,0,0,0,0,0,0,0,0,121.23493,0,0
Bacillus pseudofirmus,0,0,0,0,0,0,0,0,0,0,0,0,0,0,0,0,0,0,0,0,0,0,0,0,0,0,0,0,0,0,0,0,0,0,0,0,0,0,0,0,0,0,0,0
Bacillus pumilus,0,0,0,0,0,0,0,0,0,0,0,0,0,0,0,0,0,0,0,0,0,0,0,0,0,0,0,0,0,0,0,0,0,0,0,0,0,0,0,0,0,0,0,0
Bacillus selenitireducens,0,0,0,0,0,0,0,0,0,0,0,0,0,0,0,0,0,0,0,0,0,0,0,0,0,0,0,0,0,98.62056,0,0,0,0,0,0,0,0,0,0,0,0,0,0
Bacteroides fragilis,156534.6634,54520.82186,134545.493,63665.27246,128194.7908,74297.35512,26457.26752,11362.11838,32310.24423,92641.1743,19795.35918,78966.35685,160204.3627,5727.211699,29995.70012,39157.3079,28745.07513,44718.24907,7629.616201,88246.12935,5597.815876,25955.56377,73809.45624,120910.849,60351.39878,31098.25458,21233.46842,23455.81208,149767.5081,74780.57143,54851.2783,31284.61162,65851.30551,50664.05542,31796.01241,90292.48577,45269.18236,39912.78789,163036.0753,9216.117531,23217.03014,104115.4145,67072.31007,22620.78379
Bacteroides helcogenes,92585.88651,113839.062,216485.9736,186682.0446,99715.0319,108083.5096,25668.15165,22603.58393,65514.09864,129446.7515,34337.77159,279969.6549,56346.56728,4264.854723,174787.4008,83105.06713,10485.34993,113010.0128,12489.16804,204367.4382,28495.13357,98494.58926,181240.5295,99451.61793,181997.8749,53717.70603,73501.52226,42733.11792,52793.00594,71395.58125,136972.3526,40381.03706,270966.0658,231213.5461,178350.7042,140134.8734,83370.01485,104228.7161,45825.82605,27689.82459,130447.5467,115643.9328,21481.96885,84050.48348
Bacteroides salanitronis,6447.163,401.56282,9451.77233,0,2271.9942,0,44917.8013,124795.3787,41786.03157,0,174839.9909,6930.549413,889.57056,20940.27967,0,100.25427,33311.82596,821.726147,0,2280.3345,60455.60931,285537.3678,0,198.77246,81846.6651,273456.7793,10193.34793,51098.9025,0,9766.07923,104907.7681,45284.14499,828.06535,2707.532176,6546.947184,2794.3813,0,176178.863,130904.1352,144697.241,296025.0873,194169.9604,171049.63,0
Bacteroides thetaiotaomicron,181965.1185,49720.07692,205953.9434,83607.17219,182020.1772,118271.181,33240.54887,15072.66079,68812.82226,187290.9571,11372.75043,89498.42505,244771.5171,12397.29674,16109.08526,62829.51727,39829.40037,74436.90535,29645.66335,133644.9012,15731.38031,55455.11605,72926.3358,227019.8381,62081.71754,53944.27029,40708.93547,45233.62521,207396.8689,89316.45715,102903.244,22793.79888,64021.08705,56645.58606,53924.7244,112461.7086,25913.81386,56757.77839,74870.18251,11708.70307,76219.62559,130359.5473,142463.5666,75047.5911
Bacteroides vulgatus,181767.7676,108708.7686,141288.432,217023.7437,337072.0979,195590.7691,107281.5085,67360.92958,23065.73439,247790.6905,68334.24725,230091.9101,251102.5625,4152.653099,352727.6508,389399.2323,172474.2762,173519.7808,262347.7627,247593.7368,247666.2585,118812.6888,347189.1817,375466.9036,262353.4392,280049.9347,172424.5869,27472.23799,377967.8717,49461.98539,214372.9295,149467.0385,183898.6361,171600.2334,190043.0871,135925.4075,444875.6223,261599.1079,156825.2217,50715.07817,114104.2056,246533.91,278531.5568,397687.3783
Bartonella clarridgeiae,0,0,0,0,0,0,0,0,0,0,0,0,0,0,0,0,0,0,0,0,0,0,0,0,0,0,0,0,0,0,0,0,0,0,0,0,0,0,0,0,0,0,0,0
Bdellovibrio bacteriovorus,235.94731,804.77682,0,0,0,0,0,0,0,0,0,308.01636,0,101.05176,0,0,0,65.39186,0,0,0,333.7312,0,0,991.48957,0,1144.64364,141.5443,0,398.3324,0,0,156.60638,0,712.24757,0,0,0,0,513.47345,0,0,0,0
Beutenbergia cavernae,0,0,0,0,0,0,0,0,0,0,0,0,0,0,0,0,0,0,0,0,0,0,0,0,0,0,0,0,0,0,0,0,0,0,0,0,0,0,0,0,0,0,0,0
Bifidobacterium adolescentis,2607.3013,266.988765,816.06215,0,2186.4588,0,0,1685.65892,2736.51385,0,4926.463543,0,0,0,0,0,0,0,30021.6038,3198.31748,0,439.79168,2382.39518,0,0,0,1300.72709,1444.883825,0,4657.27476,0,0,0,61.760212,7402.190682,0,219.16977,0,328.560214,0,1467.186518,0,0,191.59917
Bifidobacterium animalis,0,0,72.04996,0,0,0,0,0,0,0,0,0,0,0,0,0,0,0,0,0,0,0,0,0,0,0,0,100.82871,0,0,0,0,0,0,0,0,0,0,0,0,163.838345,0,0,0
Bifidobacterium bifidum,0,141.362245,72.712074,0,0,0,0,0,2373.960102,6935.05074,0,0,0,0,0,0,0,0,13292.79914,0,0,0,0,0,1516.937997,0,0,138.42558,446.793135,0,0,0,0,0,2582.67447,0,134.14954,0,0,0,0,67.61152,0,262.7085
Bifidobacterium dentium,1395.20485,60.394127,443.76067,0,698.67789,0,0,613.651456,356.79054,141.34721,1484.65942,0,0,34.560455,0,0,0,0,8294.0488,486.01194,0,328.443804,1192.07131,0,0,0,383.20634,174.12923,0,1385.6658,0,0,0,0,1050.65612,0,63.615284,0,0,0,580.363752,130.214703,0,0
Bifidobacterium longum,694.79189,53.207638,572.95846,0,0,0,0,1113.027014,319.11791,5730.02722,80.82175,0,3985.13078,0,0,50.076942,0,138.711717,31538.41733,0,0,247.271776,1361.833801,57.417767,76.17486,0,9535.7871,190.866996,0,3961.968954,0,0,59.76194,0,2189.978489,2757.07791,3905.53158,0,0,0,1355.784031,5851.53336,0,6342.982565
Bordetella avium,0,0,0,0,0,0,0,0,0,0,0,0,0,0,0,0,0,0,0,0,0,0,0,0,0,0,0,0,0,0,0,0,0,0,0,0,0,0,0,114.06392,1394.0316,0,0,0
Bordetella parapertussis,0,0,0,0,0,0,0,0,112.19554,0,0,0,0,0,0,0,0,0,0,0,0,0,0,0,0,0,0,0,0,0,0,0,0,0,0,0,0,0,0,0,0,0,0,0
Bordetella pertussis,0,0,0,0,0,0,0,0,0,0,0,0,0,0,275.53302,0,0,0,0,0,0,142.84326,0,0,0,0,0,0,0,0,0,0,0,0,0,0,0,0,0,0,0,0,0,0
Bordetella petrii,0,0,0,0,0,0,0,0,0,0,0,0,0,0,0,0,0,0,0,0,0,0,0,0,0,0,0,0,0,0,0,0,0,0,0,0,0,0,0,0,0,0,0,0
Brachybacterium faecium,0,0,0,0,0,0,0,0,0,0,0,0,0,0,0,0,0,0,0,0,0,0,0,0,0,0,0,0,0,0,0,0,0,0,0,0,0,0,0,0,0,0,0,0
Brachyspira hyodysenteriae,0,0,0,86.059654,0,80.39946,0,0,0,0,0,87.10716,0,0,0,0,0,0,0,0,0,0,0,0,0,0,0,0,0,0,0,0,0,0,0,0,0,0,0,0,0,0,0,0
Brachyspira murdochii,211.85812,0,0,0,0,0,0,0,0,0,0,0,0,48.16978,0,0,0,0,0,0,0,189.9352,0,0,0,101.13071,0,0,0,0,0,97.5073,165.50381,0,0,0,0,0,112.637344,0,0,0,0,0
Brevibacillus brevis,0,0,0,72.91136,0,0,0,0,0,0,0,0,159.50308,66.02451,0,0,0,0,0,0,0,143.43721,0,0,0,0,723.3075,0,0,0,0,0,0,0,0,0,0,0,327.06412,0,0,0,0,0
Brevundimonas subvibrioides,0,0,0,0,0,0,0,0,0,0,0,0,0,0,0,0,0,0,0,0,0,0,0,0,0,0,0,0,0,0,0,0,0,0,0,0,0,0,0,0,0,0,0,0
Buchnera aphidicola,0,0,0,0,0,0,0,0,0,0,0,0,0,0,0,0,0,0,0,0,0,117.33562,0,0,0,0,0,120.44541,0,0,0,0,0,0,0,0,0,0,0,0,0,0,0,0
Burkholderia glumae,0,0,0,0,0,0,0,0,0,0,0,0,0,0,0,0,0,0,0,0,111.78211,0,0,0,0,0,0,0,0,0,0,0,0,0,0,0,0,0,0,0,0,0,0,0
Burkholderia rhizoxinica,0,0,0,0,0,0,0,0,0,0,496.85799,0,0,0,0,0,0,808.58518,3089.19183,0,0,382.3163,0,0,0,0,0,0,0,0,79.34791,83.77884,0,0,0,0,0,0,171.41092,388.73619,248.32535,0,0,0
Butyrivibrio proteoclasticus,15639.05455,35043.41537,6955.863106,27167.71297,6513.786137,58052.29511,11282.32162,8743.338743,21846.97147,4317.44444,15918.88093,5216.721745,2089.022024,9451.423249,13869.57369,29134.6785,25567.60065,11179.69544,7940.174816,10551.97077,37169.54125,30829.12879,5378.350596,3033.76783,13407.1761,10228.01913,16861.46245,35436.42235,5539.8639,9267.087475,4127.562355,15094.83435,8389.058754,50152.93603,11256.15638,15049.74692,7897.972985,5771.057341,4990.120194,62083.56063,10531.63507,3971.162075,7391.303497,16634.51173
Caldanaerobacter subterraneus,0,0,0,0,0,0,0,0,0,0,0,0,0,0,0,123.89022,0,0,0,0,0,0,0,0,0,0,0,0,0,0,0,0,0,0,0,0,0,0,0,0,0,0,0,0
Caldicellulosiruptor bescii,0,0,0,0,0,0,0,0,0,0,0,0,0,0,0,0,0,0,0,0,0,186.054234,0,0,0,0,0,0,0,0,0,0,0,0,0,0,0,0,0,0,0,0,0,0
Caldicellulosiruptor hydrothermalis,0,0,0,0,0,0,0,0,0,0,0,0,0,0,0,0,0,0,0,0,0,141.22743,0,0,0,0,0,0,0,0,0,0,0,0,0,0,0,0,0,0,0,0,0,0
Caldicellulosiruptor kronotskyensis,0,0,0,0,0,0,0,0,0,0,0,0,0,0,0,0,0,0,0,0,0,0,0,0,0,0,0,0,0,0,0,0,0,0,0,0,0,0,151.07484,0,0,0,0,0
Caldicellulosiruptor lactoaceticus,0,0,0,0,0,0,0,0,0,0,0,0,0,0,0,0,0,0,0,0,0,0,0,0,0,0,0,0,0,0,0,0,0,0,0,0,0,0,0,0,0,0,0,0
Caldicellulosiruptor obsidiansis,0,0,0,0,0,0,0,0,0,0,0,0,0,0,0,0,0,0,0,0,0,0,0,0,0,0,0,1243.2583,0,0,0,0,0,0,0,0,0,0,0,0,0,0,0,0
Caldicellulosiruptor saccharolyticus,0,0,0,0,0,0,0,0,0,0,0,0,0,0,0,0,0,0,0,0,0,0,0,0,0,0,0,0,0,0,0,0,0,0,0,0,0,0,0,0,98.33609,0,0,0
Calditerrivibrio nitroreducens,0,0,0,0,0,0,0,0,0,0,0,0,0,0,0,0,0,0,0,0,0,0,0,0,0,0,0,0,0,0,0,0,0,0,0,0,0,0,0,0,0,0,0,0
Campylobacter concisus,0,79.6233,0,0,0,0,0,0,0,0,0,0,0,0,0,0,0,0,0,0,0,0,0,0,0,0,0,0,0,0,0,0,0,0,0,0,0,0,0,0,0,0,0,0
Campylobacter fetus,0,0,0,0,0,0,0,0,0,0,0,0,0,0,0,0,0,0,0,0,0,0,0,0,0,0,0,0,0,0,0,0,0,0,0,0,0,0,0,0,0,0,0,0
Campylobacter hominis,0,0,0,0,0,0,0,0,0,0,0,0,0,0,0,0,0,55.755913,0,0,0,0,0,0,0,0,0,0,0,0,0,0,0,0,0,0,0,0,0,0,0,0,0,0
Candidatus Arthromitus sp. SFB-mouse,0,0,0,0,0,0,0,0,0,0,0,0,0,0,0,0,0,0,0,0,0,0,0,0,0,0,0,0,0,0,0,0,0,0,0,0,0,0,0,0,0,0,0,0
Candidatus Arthromitus sp. SFB-rat-Yit,0,0,0,0,0,0,0,0,0,0,0,0,0,0,0,0,0,0,0,0,0,0,0,0,0,0,0,0,0,0,0,0,0,0,0,0,0,0,0,0,0,0,0,0
Candidatus Blochmannia vafer,0,0,0,0,0,0,0,0,0,0,0,0,0,0,0,0,0,0,0,0,0,0,0,0,0,0,0,0,0,0,0,0,0,0,0,0,0,0,0,0,72.971115,0,0,0
Candidatus Desulforudis audaxviator,0,135.68724,0,0,0,0,0,0,0,0,0,0,0,64.97227,0,0,0,0,0,0,0,0,0,0,0,0,0,0,0,0,0,0,99.37292,0,0,0,0,0,0,0,0,0,54.466614,0
Candidatus Hamiltonella defensa,0,0,0,0,0,0,0,0,0,0,0,0,0,0,0,0,0,0,0,0,0,0,0,0,0,0,0,0,0,0,0,0,0,0,0,0,0,0,0,0,0,0,0,0
Candidatus Liberibacter asiaticus,0,0,0,0,0,0,0,0,0,0,0,0,0,0,0,0,0,0,0,0,0,0,0,0,0,0,0,0,0,0,0,0,0,0,0,0,0,0,0,0,0,0,0,0
Candidatus Nitrospira defluvii,0,0,0,1880.4501,0,176.47487,0,0,335.05722,0,0,0,381.88724,0,0,66.88081,0,0,0,0,0,0,0,0,0,0,0,0,0,0,1659.0609,0,90.019775,0,0,0,0,0,0,0,0,0,0,0
Candidatus Protochlamydia amoebophila,0,0,0,0,0,0,0,0,0,0,0,0,0,0,0,0,0,0,0,0,0,0,0,0,0,0,0,0,0,0,0,0,0,0,0,0,0,0,0,0,0,0,0,0
Candidatus Solibacter usitatus,0,0,0,0,0,0,0,0,0,0,0,0,0,0,0,95.69587,0,0,0,0,0,0,0,0,0,0,0,0,0,115.86912,0,0,0,0,83.345566,0,0,0,0,0,0,0,65.176315,0
Capnocytophaga canimorsus,0,0,0,0,0,0,0,0,0,0,0,0,0,0,0,0,0,0,0,0,0,118.28747,0,0,0,0,93.24438,0,0,0,0,0,0,0,0,0,0,0,0,0,0,0,0,0
Capnocytophaga ochracea,0,0,0,0,0,0,0,0,0,0,0,0,0,0,0,0,0,0,0,0,0,131.38284,0,0,0,0,115.149895,0,80.74971,0,0,0,0,0,0,0,0,0,0,0,0,0,0,0
Carboxydothermus hydrogenoformans,0,279.503434,0,70.7771,0,0,0,0,220.81227,0,0,0,0,0,0,0,0,108.10422,0,0,0,116.856316,0,0,0,0,378.640285,0,0,153.72548,0,0,0,0,250.91466,180.03053,0,0,0,633.61138,0,0,0,0
Carnobacterium sp. 17-4,0,82.78479,0,0,0,0,0,0,0,0,0,0,0,0,0,0,0,0,0,0,0,0,0,0,0,0,0,0,0,0,0,0,111.83906,0,0,0,0,0,0,0,0,32204.129,0,0
Caulobacter vibrioides,0,0,0,0,0,0,0,0,0,0,0,0,0,0,0,0,0,0,0,0,0,0,0,0,0,0,0,0,0,0,0,0,0,0,0,0,0,0,0,0,0,0,0,0
Cellulophaga lytica,0,0,0,0,0,0,0,0,0,0,0,0,0,0,0,0,0,0,0,0,0,0,0,0,0,168.25865,0,0,0,0,0,0,0,0,0,0,0,0,0,0,0,0,0,0
Cellulosilyticum lentocellum,2898.01012,9522.675884,4378.939868,5852.895389,3652.334765,3962.621163,1609.762441,3646.22398,2074.25211,3200.825626,2352.627742,4434.034876,3171.00124,1099.713444,3848.301861,771.220032,5708.432908,4293.289313,7577.668186,7020.35292,2423.035639,3010.488404,1751.16156,330.57376,1763.194561,4989.119288,3717.903225,2227.399765,4933.881476,1702.02993,2283.372244,7085.935644,2398.85386,6332.806167,3855.206427,2204.9544,1894.679743,1416.56891,1349.06136,5180.208289,2577.267763,2179.637542,3064.273652,2939.276866
Cellvibrio japonicus,0,0,0,0,0,0,0,0,0,0,103.214676,0,0,0,268.1989,0,0,199.80695,2528.8975,0,0,134.07663,0,0,0,0,0,0,0,0,0,142.40799,0,0,204.79723,0,0,0,0,144.28026,208.81717,0,0,0
Chlamydia trachomatis,0,0,0,0,0,0,0,0,0,0,0,0,0,0,0,0,0,0,0,0,0,122.01717,0,0,0,0,0,0,0,0,0,0,0,0,0,0,0,0,0,0,0,0,0,0
Chlorobium chlorochromatii,0,0,0,0,0,0,0,0,0,0,0,0,0,0,0,0,0,0,0,0,0,0,0,0,0,0,0,0,0,0,0,0,0,0,0,0,0,0,0,0,0,0,0,0
Chlorobium limicola,0,0,0,0,0,0,0,0,0,0,0,0,0,0,0,0,0,0,0,0,0,0,0,0,0,0,0,0,0,0,0,0,0,0,0,0,0,0,0,0,0,0,0,0
Chloroflexus aggregans,0,0,0,0,0,0,0,0,0,0,0,0,0,0,0,0,0,0,0,0,0,0,0,0,0,0,0,0,0,0,0,0,0,0,0,0,0,0,98.80055,0,0,0,0,0
Chloroherpeton thalassium,0,0,0,0,0,0,0,0,0,0,0,0,0,82.03268,0,0,89.92076,0,0,0,0,0,0,0,0,0,123.58257,0,0,201.35899,0,0,0,0,0,0,97.266846,0,0,0,0,0,0,151.37813
Chromobacterium violaceum,0,0,0,0,0,0,0,0,0,0,0,0,0,0,0,0,0,0,0,0,0,0,0,0,0,0,0,0,0,122.60086,0,0,0,0,0,0,0,0,0,0,0,0,0,0
Citrobacter koseri,0,0,0,0,0,0,0,0,0,0,0,0,0,0,0,0,0,0,0,0,0,0,0,0,0,0,0,0,0,0,0,0,0,0,0,0,0,0,0,0,0,0,0,0
Citrobacter rodentium,0,0,0,0,0,0,0,0,0,0,0,0,0,0,0,0,0,0,0,0,0,0,0,0,0,0,0,0,0,0,0,0,0,0,0,0,0,0,0,0,0,0,0,0
Clostridium acetobutylicum,193.8848,127.59224,0,0,0,0,190.361335,0,166.61826,0,0,0,0,0,142.47252,0,83.47061,0,0,0,0,0,0,0,0,0,0,0,0,0,876.38478,0,163.0071,0,0,0,0,0,0,0,158.015326,0,0,0
Clostridium beijerinckii,0,80.713066,0,0,0,0,0,0,0,0,0,0,0,0,0,398.748064,0,126.59598,0,0,0,0,0,0,0,0,0,678.79383,0,0,0,0,47.29588,104.22041,284.907484,0,0,0,0,125.928474,0,60.999016,0,0
Clostridium botulinum,0,73.51994,0,0,0,0,200.36325,73.640076,0,0,0,193.42633,226.5874,0,0,398.133115,0,191.42585,0,0,0,137.5497,0,0,180.92693,0,0,40.522423,0,0,0,85.91558,107.101746,0,452.54308,0,0,0,0,103.900764,0,337.06027,244.602065,418.324145
Clostridium cellulolyticum,0,998.518665,157.726703,401.014196,64.609375,263.947187,168.50804,823.96054,0,0,0,333.7115,0,373.348733,0,0,1566.82151,402.100907,599.1632,274.34418,0,1407.72237,0,0,63.946793,149.890695,353.71261,61.72035,0,893.92246,0,202.26499,258.41747,891.791476,2444.169325,191.212976,1014.31994,0,0,868.641378,663.150206,82.501686,67.50598,0
Clostridium cellulovorans,394.38916,2081.58452,1548.1324,1208.88153,0,4292.6877,1086.6999,643.92216,1252.456584,171.13864,1163.15517,1317.13597,230.12535,518.45827,800.90369,2416.4692,874.32093,46.799732,3207.4015,275.53644,160.09666,731.71352,857.18629,0,1839.34341,407.39432,3078.765645,3022.75267,2140.67578,1039.512517,0,0,2431.13022,523.01631,3289.1282,1532.15017,1844.2918,0,1660.82992,1908.628724,919.84321,0,0,1422.3
Clostridium kluyveri,0,0,0,0,0,0,0,0,0,0,0,0,0,0,0,0,0,75.51779,0,0,0,0,0,0,0,86.22034,0,0,0,111.5805,0,0,0,0,0,0,0,0,0,0,0,0,0,0
Clostridium ljungdahlii,0,146.56493,0,114.63984,0,0,0,0,0,0,0,0,0,0,0,0,0,0,0,0,0,0,0,0,0,0,1373.0004,0,444.8519,0,0,0,0,0,0,0,0,242.318264,0,0,0,0,0,0
Clostridium novyi,0,0,0,0,0,0,0,0,0,0,0,0,0,0,0,0,0,0,0,0,0,0,0,0,0,0,131.94449,0,0,0,0,0,0,0,0,0,0,0,0,0,0,0,0,0
Clostridium perfringens,0,82.06077,85.67445,0,0,0,0,0,0,0,662.91723,0,0,209.768477,141.35652,1290.174521,404.046073,381.128773,73.702324,128.87718,100.97787,0,220.06487,0,0,0,0,0,0,0,0,0,0,72.332627,882.919216,0,292.98957,0,0,0,0,60.687775,0,385.099655
Clostridium phytofermentans,6208.0254,17733.40765,2893.546226,9449.513108,6864.297896,3669.481765,4863.519506,3044.097489,3903.215556,927.05503,4562.74744,3136.190881,1509.25329,1275.150938,6830.509107,1729.144172,9145.766005,8808.305511,6598.413415,3322.501799,3294.408561,1693.65561,3866.71198,1143.132733,4117.030499,3043.889551,10414.89719,9931.241901,7032.748037,5656.450273,2214.599516,3773.508554,5831.594929,4782.282265,7023.016229,4741.507282,9183.640911,1919.019071,1438.299995,20180.75794,10778.16461,2708.783965,7617.124874,9617.04396
Clostridium saccharolyticum,17795.92086,35261.23032,9141.862412,12912.91344,8295.591881,20746.24292,34329.63006,13051.89757,11002.02469,5581.341565,20853.02377,10414.34323,18976.28734,7338.777562,38009.12466,11727.83741,29891.69885,17474.09452,23351.50227,15557.83477,26476.9284,7681.574384,31378.6946,9906.202289,7457.034449,7087.752571,22771.10486,17105.80422,16782.45925,20094.77172,10278.97663,15036.73903,9885.088662,12374.36901,12560.6019,21483.98197,24501.80676,11093.8526,36149.2847,35051.36278,16000.04761,23087.39652,46463.25691,34690.50993
Clostridium sp. SY8519,11381.74374,19983.31788,8964.041764,13444.10532,7281.054111,7602.312869,6270.239721,8207.410204,5326.920816,5577.904135,10696.93212,3863.987596,5822.94234,2347.59899,15506.09568,11229.93556,14329.38413,10286.06162,11084.6903,9598.655312,11453.32388,6940.48807,10201.35874,4172.44672,7080.671138,5633.429568,10779.16801,9786.404602,6118.304783,10298.00005,4298.681496,9651.753335,8593.449541,7046.990766,9193.716611,12621.16498,16350.61909,8971.038774,6821.89571,19115.84825,9044.389311,6953.41331,15757.51283,21591.50793
Clostridium tetani,0,61.03952,0,0,0,0,0,0,0,0,328.52774,0,0,57.22551,0,86.45195,0,0,0,0,0,0,0,0,0,0,0,0,0,88.82528,0,0,0,0,389.92711,0,0,0,0,187.09593,0,0,0,0
Clostridium thermocellum,169.15674,230.730604,0,0,994.3568,0,327.74998,0,142.79408,2256.5947,100.16234,137.99866,494.50617,429.164448,0,0,123.37321,263.63247,0,434.036276,242.12057,84.902885,175.50343,472.56027,0,0,594.35443,69.09999,0,1382.01671,159.49457,89.33508,127.069115,0,2004.435894,256.128064,0,504.4846,596.79995,222.415833,700.42766,410.52635,72.67089,731.04628
Collimonas fungivorans,0,0,0,132.8816,0,0,0,0,0,0,0,0,0,69.51932,0,0,0,0,0,0,0,0,0,0,0,169.027156,0,0,0,119.007035,0,0,542.8914,0,0,0,0,0,157.69519,0,0,0,0,0
Comamonas testosteroni,0,0,0,0,0,0,0,0,0,0,0,0,0,0,0,0,0,0,0,0,0,0,0,0,0,0,0,0,0,0,0,0,0,0,0,0,0,0,0,0,0,0,0,0
Conexibacter woesei,0,0,973.49369,768.931,0,806.49084,0,0,554.6328,0,0,1197.201,0,335.73145,1244.0127,0,0,345.048954,0,530.10944,576.98236,0,0,0,0,559.0255,0,0,991.60345,452.633,0,644.36255,0,372.2416,274.42453,353.02194,253.22821,407.98648,0,213.26088,0,710.9161,468.84543,0
Coprothermobacter proteolyticus,200.33775,0,0,0,0,0,135.757,255.13326,0,1759.253,0,0,0,107.99725,0,0,0,70.88891,0,0,0,315.44226,0,0,356.6315,0,609.4971,117.80047,0,1999.72678,106.41319,0,164.19487,0,656.5459,92.48073,0,478.23257,0,417.83054,0,0,0,0
Coraliomargarita akajimensis,0,0,0,0,0,0,0,0,0,0,0,0,0,0,0,0,0,0,0,0,0,0,0,0,0,0,0,0,0,0,0,0,0,0,0,0,0,0,0,0,0,0,0,0
Coriobacterium glomerans,0,0,136.745827,762.931629,4305.745765,242.115846,281.254495,2880.39798,2504.790226,0,2724.063245,0,0,109.00168,0,0,2702.552716,0,0,159.513784,3592.033185,166.26277,3642.03421,0,0,0,0,947.174514,0,6855.867641,0,3444.03762,2293.854595,2538.644827,0,0,3854.137615,0,370.024444,3160.29748,3206.696551,0,366.459533,1282.60608
Corynebacterium kroppenstedtii,0,0,0,0,0,0,0,0,0,0,0,0,0,0,0,0,0,0,0,0,0,0,0,0,0,0,0,0,0,0,0,0,0,0,0,0,0,0,0,0,0,0,0,0
Corynebacterium ulcerans,0,0,0,0,0,0,0,0,0,0,0,0,0,0,0,0,0,0,0,0,0,0,0,0,0,0,0,0,0,0,0,0,0,0,0,0,83.79994,0,0,0,0,0,0,0
Corynebacterium variabile,0,0,0,0,0,0,0,0,0,0,0,0,0,0,0,0,0,0,0,0,0,0,0,0,0,0,0,0,0,0,0,0,0,0,0,0,0,0,0,94.333435,0,0,0,0
Coxiella burnetii,0,0,0,0,0,0,0,0,0,0,123.95686,0,0,70.967636,0,0,0,0,0,0,0,0,0,0,0,0,0,0,0,0,0,0,0,0,0,0,0,0,0,0,0,0,0,0
Croceibacter atlanticus,0,0,0,0,0,0,0,0,0,0,0,0,0,0,0,0,0,0,80.38551,0,91.389786,0,0,0,0,0,0,0,0,0,0,0,0,0,0,0,0,0,0,0,0,0,0,0
Cronobacter sakazakii,0,0,0,0,0,0,0,0,0,0,0,0,0,0,0,0,0,0,0,0,0,0,0,0,0,0,0,0,0,0,0,0,0,0,0,0,0,0,0,0,0,0,0,0
Cronobacter turicensis,0,0,0,0,0,0,0,0,0,0,0,0,0,0,0,0,0,0,0,0,0,0,0,0,0,0,0,0,0,0,0,0,0,0,0,0,0,0,0,0,0,0,0,0
Cryptobacterium curtum,0,0,0,0,0,0,0,0,0,0,0,1855.4187,0,0,0,0,331.959514,0,0,0,0,0,0,0,0,0,0,0,0,0,0,0,73.59226,0,0,0,0,0,0,0,0,0,0,0
Cupriavidus necator,0,0,0,0,0,0,0,0,0,0,0,0,0,0,0,0,0,0,0,0,0,0,0,0,0,0,0,0,0,0,105.00307,0,0,0,0,0,0,0,0,0,0,0,0,0
Cupriavidus pinatubonensis,0,0,0,0,0,0,0,0,0,0,0,0,0,0,0,0,0,0,0,0,0,0,0,0,0,0,0,0,0,0,0,0,0,0,0,0,0,0,0,0,0,0,0,0
Cupriavidus taiwanensis,0,0,0,0,0,0,0,0,1127.7347,0,1522.3796,0,0,0,0,0,0,0,186.10013,0,3022.7551,938.7623,0,0,0,1754.821,0,3764.7217,0,0,0,0,0,0,0,0,996.2205,3914.3254,171.22762,1889.77224,1426.5044,0,0,1027.1453
Cyclobacterium marinum,0,0,0,0,0,0,0,0,112.0747,0,0,0,0,0,0,0,0,0,0,97.59419,0,0,0,65.832436,0,65.281136,124.54769,0,0,0,0,120.7343,0,0,0,0,0,0,0,0,0,0,209.829755,0
Cytophaga hutchinsonii,0,0,0,0,0,0,0,0,0,0,0,0,0,0,0,0,0,0,0,0,0,225.219524,0,0,0,0,0,0,0,0,0,0,126.6992,0,0,0,0,0,161.1183,0,0,0,125.89378,0
Dechloromonas aromatica,0,0,0,92.99785,0,0,0,0,0,0,312.921016,0,0,0,0,0,0,678.85364,0,0,0,891.97932,71.76202,0,0,0,0,0,0,0,0,129.11646,0,0,0,0,0,0,243.8965,0,257.1799,0,0,0
Deinococcus proteolyticus,0,0,0,0,0,0,0,0,0,0,0,0,0,0,0,0,0,0,0,142.19467,0,0,0,0,0,0,0,0,0,0,0,0,0,0,0,0,0,0,0,0,0,0,0,0
Delftia acidovorans,0,0,0,0,0,0,0,0,0,0,0,0,0,0,0,0,0,0,0,0,0,0,0,0,0,0,0,0,0,0,0,0,0,0,0,0,0,0,0,0,0,0,0,0
Delftia sp. Cs1-4,0,0,0,0,0,0,0,0,0,0,0,0,0,0,0,0,0,0,0,0,0,0,0,0,0,0,0,0,0,0,0,0,0,0,0,0,0,0,0,0,0,0,0,0
Denitrovibrio acetiphilus,0,0,0,0,0,0,0,0,0,0,0,0,0,0,0,0,0,196.233444,0,0,0,0,0,0,0,0,0,0,0,0,0,0,0,0,0,0,0,0,0,0,0,0,0,0
Desulfarculus baarsii,0,0,0,3969.8802,0,8039.32366,1270.4507,0,0,121.83532,0,537.6921,0,0,0,0,0,2567.5647,1350.4197,1518.09267,0,0,0,0,0,0,0,0,0,9128.809,0,0,0,0,0,0,0,696.67316,0,0,0,0,0,0
Desulfatibacillum alkenivorans,0,0,0,0,0,0,0,0,0,0,0,0,0,0,0,0,0,0,0,0,0,0,0,0,0,0,0,0,0,0,0,0,0,0,0,0,0,0,0,0,0,0,0,108.11762
Desulfitobacterium hafniense,0,140.25566,0,0,0,0,0,0,0,0,69.058945,0,0,0,0,0,78.67277,0,0,0,0,0,0,0,0,0,80.94115,0,0,0,0,0,0,67.53122,110.02244,0,0,0,0,0,0,0,0,0
Desulfobacca acetoxidans,0,0,0,0,0,0,0,0,0,0,263.61215,0,0,0,0,0,0,0,0,0,0,0,0,0,0,0,0,0,0,0,0,0,0,0,0,0,0,0,0,0,0,0,0,0
Desulfobacterium autotrophicum,0,0,0,0,0,0,0,0,0,0,0,0,0,0,0,0,0,0,0,0,0,0,0,0,0,0,0,0,0,0,0,0,0,0,0,0,0,0,0,0,0,0,0,0
Desulfobulbus propionicus,0,0,0,0,0,0,0,0,0,0,0,0,0,0,0,0,0,0,0,0,782.8333,0,427.0623,0,0,0,178.4419,0,0,197.77559,0,0,0,350.82632,0,0,0,0,0,0,0,0,0,0
Desulfomicrobium baculatum,0,0,0,0,0,0,0,0,0,0,0,0,0,0,0,0,0,0,0,0,0,0,0,0,0,0,0,0,0,0,0,0,0,0,0,0,0,0,0,0,108.49142,0,0,0
Desulfotalea psychrophila,0,0,0,0,0,0,0,0,0,0,0,0,0,0,0,0,0,0,0,0,0,106.27577,0,0,0,0,0,0,0,0,0,0,0,0,0,0,0,0,0,0,0,0,0,0
Desulfotomaculum acetoxidans,0,168.81961,0,0,0,0,0,0,0,0,0,0,0,0,0,0,0,139.62122,0,0,171.33069,0,0,0,0,0,0,0,0,107.1655,0,0,0,56.14565,0,0,0,0,0,0,0,0,0,0
Desulfotomaculum carboxydivorans,0,0,0,0,0,0,0,0,0,0,0,0,0,438.00775,0,0,0,0,0,0,0,0,0,0,139.19087,0,79.55142,0,0,166.2392,0,0,0,0,0,0,76.548004,0,0,0,0,0,0,0
Desulfotomaculum kuznetsovii,0,0,0,0,0,0,0,0,0,0,0,0,0,0,0,0,0,66.39212,0,0,0,0,0,0,0,0,0,0,0,0,0,0,0,0,0,0,0,0,0,0,0,0,0,0
Desulfotomaculum reducens,0,0,0,0,0,0,0,0,0,0,0,0,0,0,0,0,0,0,0,85.0464,0,0,0,0,0,0,0,0,0,0,0,0,0,53.08488,0,177.94533,0,0,0,0,0,0,0,0
Desulfotomaculum ruminis,0,0,0,0,0,0,0,0,1313.3768,0,0,0,0,0,0,0,0,0,105.673836,0,0,0,0,0,0,0,0,107.07437,0,0,0,0,0,68.4854,0,0,0,0,0,0,349.32028,0,0,0
Desulfovibrio aespoeensis,0,0,0,0,0,0,0,0,0,0,0,0,0,0,0,0,0,0,0,0,0,0,0,0,0,0,0,0,0,0,0,0,105.130424,0,0,0,0,0,0,0,0,0,0,0
Desulfovibrio alaskensis,0,0,0,0,0,0,109.7348,0,0,0,0,0,96.225746,87.93933,0,0,104.59899,51.58965,0,0,188.0519,0,0,0,0,0,0,0,0,0,272.75994,0,0,0,0,0,0,0,0,0,0,0,0,0
Desulfovibrio desulfuricans,0,222.86853,0,302.96423,0,226.77116,0,0,2217.001436,116.67191,1142.76024,0,142.42009,803.828742,0,0,494.70042,0,0,0,7748.3546,93.08694,3462.68442,0,175.29798,0,4000.593661,0,0,2811.790375,279.85693,135.57237,381.621148,2480.007226,0,181.9783,0,0,2151.963834,1718.356232,1776.712418,0,198.34848,0
Desulfovibrio magneticus,0,0,0,0,0,0,0,0,0,0,0,0,151.0564,0,0,0,0,0,0,0,0,0,0,0,0,0,0,0,0,0,159.2734,0,0,0,0,0,0,0,0,0,0,0,0,0
Desulfovibrio salexigens,0,0,0,0,0,0,0,0,0,0,0,0,0,0,0,0,0,0,0,0,0,0,0,0,0,0,0,0,0,0,0,0,0,0,0,0,0,0,0,0,0,0,0,0
Desulfovibrio vulgaris,0,395.207874,223.3851,271.91373,554.25653,231.94022,105.61801,0,228.554995,107.20823,277.18385,136.58058,256.19096,341.206167,0,173.37938,0,0,0,197.73543,949.26665,163.705644,389.69424,242.68327,87.38789,247.64236,604.70176,339.752839,0,0,233.570862,438.75672,0,324.36785,0,0,0,424.49979,0,518.418478,482.928485,0,201.90538,369.69754
Desulfurispirillum indicum,135.1781,0,0,213.97452,96.16474,698.30853,0,84.88459,0,0,0,0,0,0,0,0,270.554826,0,0,0,0,0,0,0,0,0,0,0,0,0,0,0,0,74.39686,143.642,0,0,0,0,0,89.91184,0,0,0
Desulfurivibrio alkaliphilus,0,0,0,0,0,0,0,0,0,0,0,0,0,0,0,0,0,0,0,0,0,0,0,0,0,0,0,0,0,0,0,0,0,0,0,0,0,0,0,0,0,0,0,0
Desulfurobacterium thermolithotrophum,0,0,0,0,0,0,0,0,0,0,0,0,0,67.80135,0,0,0,0,0,0,0,0,0,0,0,0,0,0,0,0,0,0,0,0,0,0,0,0,0,0,0,0,0,0
Dichelobacter nodosus,0,0,0,93.48095,0,0,0,0,0,0,0,0,0,0,0,0,0,0,0,0,0,0,0,0,0,0,0,101.50939,0,0,0,0,0,0,0,0,0,0,0,0,0,0,0,0
Dickeya dadantii,0,0,0,0,0,0,0,0,0,0,0,0,0,0,0,0,0,0,0,0,0,0,0,0,0,0,0,0,0,0,0,0,322.948,0,0,0,0,0,0,0,0,0,0,0
Dickeya zeae,0,0,0,0,0,0,0,0,0,0,0,0,0,0,0,0,0,0,0,0,0,0,0,0,0,0,0,0,0,0,0,0,0,0,0,0,0,0,0,0,0,0,0,0
Dyadobacter fermentans,0,0,0,0,0,0,0,0,0,0,0,0,0,0,0,0,0,0,0,0,0,152.69102,0,0,0,0,0,0,0,0,0,0,0,0,107.12116,0,0,0,0,0,0,95.9017,125.9065,0
Edwardsiella ictaluri,0,0,0,0,0,0,0,0,0,0,0,0,0,0,0,0,0,0,0,0,0,0,0,0,0,0,0,0,0,0,0,0,0,0,0,0,0,0,0,0,0,0,0,0
Eggerthella lenta,0,155.165956,66.101875,0,57.944145,0,0,0,0,4048.623656,0,51.863033,0,0,0,0,241.946239,0,64.38112,0,0,0,0,0,0,0,473.27054,0,0,0,0,0,85.97492,0,0,0,0,0,477.60123,0,0,833.872864,0,0
Eggerthella sp. YY7918,0,214.120751,0,124.28049,0,0,103.46983,149.23898,267.97347,0,0,262.07606,139.6894,54.956238,152.46172,0,265.968974,222.719528,0,0,0,0,59.84778,0,0,0,270.02008,97.992516,0,179.85726,89.20227,0,0,110.695806,0,0,0,162.13129,0,0,0,0,0,0
Elusimicrobium minutum,0,1958.2308,0,0,118.98645,0,0,0,147.00406,0,0,0,0,68154.38515,0,0,0,0,0,0,0,0,0,0,0,0,317.31354,210.24771,0,524.7497,0,0,1219.8525,0,523.206064,0,0,307.14903,142.31595,0,365.7588,0,0,0
Enterobacter aerogenes,0,0,0,0,0,0,0,0,0,0,0,0,0,0,0,0,0,0,0,0,0,0,0,0,238.766864,2321.693,0,0,0,0,0,0,0,0,0,0,0,0,0,0,0,0,0,0
Enterobacter sp. 638,0,0,0,0,0,0,0,0,0,0,0,0,0,0,0,0,0,0,216.767,0,0,0,0,0,97.217514,0,0,0,0,0,0,0,390.79062,0,0,0,0,0,0,0,0,0,0,206.9893
Enterococcus faecalis,0,0,0,0,0,0,270.81488,0,0,3104.614915,0,0,0,0,0,0,0,125.278337,0,0,0,0,0,0,0,0,0,0,0,0,0,0,0,0,0,0,0,0,0,0,0,0,0,0
Erwinia amylovora,0,0,0,0,0,0,136.62943,0,0,0,0,0,0,320.14254,0,0,0,0,0,0,0,0,0,0,0,0,0,0,0,0,0,0,0,0,0,0,0,0,0,0,0,0,0,0
Erwinia billingiae,0,0,0,0,0,0,0,0,0,0,0,0,0,0,0,0,0,0,0,0,0,0,0,0,0,0,0,0,0,0,0,0,0,0,0,0,0,0,0,0,0,0,0,0
Erysipelothrix rhusiopathiae,1925.8079,2110.13396,3582.52684,1804.15347,0,2176.77881,2651.39483,5014.964137,5256.142282,0,7656.135245,3438.998705,16661.75304,6813.189617,3934.877016,1471.56136,6626.608634,1171.06763,5447.961525,3192.35343,0,882.24973,487.214308,2245.184084,2084.605401,450.37967,2614.05063,4195.683561,1685.40643,4814.29841,8653.647335,0,3551.206922,1337.894272,4043.017311,1849.99576,8827.74909,105.23666,2647.024743,5450.399598,2245.43656,3858.455357,5780.23977,11582.89361
Erythrobacter litoralis,0,0,0,0,0,0,0,0,0,0,0,0,0,0,0,0,0,0,0,0,0,0,0,0,0,0,0,0,0,0,0,0,0,0,0,0,0,0,0,0,0,0,0,0
Escherichia coli,8145.28052,0,2812.254971,4454.42192,3675.095514,718.913065,252.555084,0,799.407964,26775.12104,917.484515,0,4585.95313,4443.781135,40596.6623,2930.13059,165.851224,126.75752,3445.68297,5972.980086,1161.427385,0,26769.9077,3211.090744,326.492554,0,51.114174,0,262.23519,2678.288829,6848.72044,0,9515.35215,42.39567,0,2547.187966,1615.564219,2408.313488,5339.96671,399.668129,72.633064,5340.90295,21384.14005,8799.47776
Escherichia fergusonii,0,0,0,0,0,0,0,0,0,0,0,0,0,0,0,0,0,0,0,0,0,0,0,0,0,0,0,0,0,0,0,0,0,0,0,0,0,0,0,0,0,0,0,0
Ethanoligenens harbinense,49652.11578,53324.18455,23588.42379,20588.78086,12263.99305,46268.1862,15176.24389,21296.71126,42947.05988,20024.44753,14566.72013,14081.59112,8500.861692,42257.89135,25398.22321,31518.74172,23887.97464,64646.37824,33951.28572,14967.09134,39102.569,25608.03251,10874.10072,2487.10561,33405.88457,18620.00315,78117.60714,52455.81813,12314.62848,67041.23623,16665.29929,13570.00021,22562.01138,39345.72386,55516.44926,76183.89757,26844.50087,2901.30701,22548.63049,26568.44056,27061.33862,2343.213245,1977.909566,32770.4723
Eubacterium eligens,21868.3898,79927.33703,27052.66834,29945.56039,24553.48368,31185.94765,10512.14409,12023.20393,51622.46998,5429.3461,29743.60537,6860.370845,3887.499344,4742.819187,12092.73741,34636.30965,23646.81631,14565.18175,28716.44922,10645.43346,11912.9896,13304.10752,8481.144034,9936.766532,11203.46853,13621.1805,39646.70353,17962.10839,18922.44169,26378.55219,8645.936462,11573.20707,11032.26967,22848.64313,31057.14445,29070.7212,59452.7882,21903.30331,4151.449889,59888.46666,25874.29528,7315.690695,9560.571562,27222.44659
Eubacterium limosum,0,2541.097395,0,62.88488,154.75516,0,128.25041,1144.909748,955.04314,1690.390529,0,110.43178,0,1987.69932,1138.707905,198.13869,299.28512,664.575134,0,123.5332,5667.8985,1397.65048,177.33022,0,831.642685,275.73386,3543.589788,525.567331,0,6004.81549,80.85397,92.39416,687.20112,271.204941,1653.903793,194.628534,0,0,398.55792,1391.632798,926.835434,0,69.85786,473.05869
Eubacterium rectale,3751.69118,20477.13637,28277.66766,19508.37023,21148.3255,25011.0862,7336.385823,5480.959329,23971.10901,3255.79903,15192.50554,1333.868926,2407.65842,13485.09694,45247.61812,71224.16342,21398.53803,20942.94479,20563.66832,5937.75418,10706.37446,15351.31032,2310.57799,5797.30581,4628.625666,1296.993611,10250.60711,12524.01856,6403.140909,6646.155068,1290.788355,5591.689069,5719.01596,9574.515665,8615.982794,2042.487924,9849.589938,34597.66712,2155.715579,30599.35497,22466.84208,5014.16795,8424.843622,19732.92937
Ferrimonas balearica,0,0,0,0,0,0,0,0,0,0,0,0,0,0,0,0,0,0,0,0,0,0,0,0,0,0,0,0,0,0,0,0,0,0,0,0,0,0,0,0,0,0,0,0
Fibrobacter succinogenes,0,95.98241,3765.684,0,0,0,0,0,564.601756,215.848,200.87344,125.445076,130.86975,357.54671,169.47292,0,0,0,0,92.125275,0,0,1764.5627,0,87.67421,574.94946,430.73425,432.90851,0,351.4871,145.02907,0,0,203.57318,0,4259.2876,0,0,180.23204,164.80823,0,1012.81036,117.143974,124.47656
Finegoldia magna,0,935.449914,746.13464,411.67489,0,343.6931,353.351054,293.57897,919.01679,0,177.33394,0,328.00256,324.322086,0,0,825.69079,731.90178,649.443684,311.9198,0,185.753571,94.746284,0,121.83567,75.518005,528.7188,185.007775,361.2179,587.65155,142.24905,92.63952,272.38794,58.646523,929.12039,350.6176,615.5435,0,0,241.547816,418.104135,103.38974,776.30695,2625.89205
Flavobacterium branchiophilum,0,0,0,0,0,0,0,0,0,0,0,0,0,0,0,0,0,0,0,0,0,0,0,0,0,0,0,0,0,0,0,0,0,0,0,0,0,0,0,0,0,0,0,0
Flavobacterium psychrophilum,0,0,0,0,0,0,0,0,0,0,0,0,0,0,0,0,0,0,0,0,0,0,0,0,0,0,0,0,0,0,0,0,0,0,0,0,0,0,0,0,0,0,0,0
Flexistipes sinusarabici,0,0,0,0,0,0,0,0,0,0,0,0,0,0,0,0,0,78.356346,0,0,0,0,0,0,0,0,0,0,0,0,0,0,0,0,0,0,0,0,0,0,0,0,0,0
Fluviicola taffensis,0,74.80887,159.53914,78.71863,123.10583,0,0,390.39101,5656.764455,108.433495,0,0,0,260.998584,1145.955,1237.3035,355.69679,1409.5833,151.14891,6489.2384,389.06,10821.24137,0,0,106.18318,142.79137,369.98253,552.49631,0,827.61079,8412.8019,276.993084,390.74785,146.626844,0,0,0,0,1139.66606,136.42069,351.923625,0,1303.29042,0
Fusobacterium nucleatum,0,0,5053.73995,0,2237.12805,0,0,0,0,116.060326,0,36448.4975,2716.842414,0,0,0,0,0,0,1375.829596,6055.799085,0,0,17314.26033,6824.43304,0,0,9836.05958,52.931305,0,0,2360.73473,0,0,0,0,0,0,5875.58335,3401.95668,69.15642,0,801.357168,6172.0144
Gallibacterium anatis,0,0,0,0,0,0,0,0,0,0,0,0,0,0,0,0,0,0,0,0,0,0,0,0,0,0,0,0,0,0,0,0,0,0,0,0,0,0,0,59.371902,0,0,0,0
Gallionella capsiferriformans,0,0,0,0,0,0,0,0,0,0,0,0,0,0,0,0,0,0,0,0,0,0,0,0,0,0,0,0,0,0,0,0,0,0,0,0,0,0,0,0,0,0,0,0
Gardnerella vaginalis,204.67656,0,0,0,0,0,0,0,0,0,0,0,0,0,0,0,0,0,0,0,0,0,0,0,0,0,0,92.43311,0,0,0,0,0,0,72.19364,0,0,0,0,0,0,0,0,0
Gemmatimonas aurantiaca,0,0,139.99976,0,0,0,0,955.56745,0,0,0,0,0,181.2516,0,0,345.02118,0,0,0,0,0,0,0,98.255196,0,0,0,0,0,0,0,0,0,0,0,0,0,0,0,0,0,0,0
Geobacillus sp. C56-T3,0,0,0,0,0,0,0,52.50111,0,0,0,0,0,0,0,0,0,0,0,0,0,0,0,0,0,0,0,0,0,0,0,0,0,0,0,0,0,0,0,0,0,0,0,0
Geobacillus sp. WCH70,0,0,0,0,0,0,0,0,0,0,0,66.38807,0,0,0,0,0,0,0,0,0,0,0,0,0,0,0,0,0,0,0,0,85.02451,0,0,0,0,0,0,0,0,0,0,0
Geobacillus sp. Y4.1MC1,0,0,0,0,0,0,0,0,0,0,0,0,0,0,0,0,0,0,0,0,0,0,0,0,0,0,60.117207,0,0,0,0,0,0,0,70.67135,0,0,0,0,0,0,0,0,0
Geobacillus sp. Y412MC52,0,0,0,0,0,0,0,0,0,0,0,0,144.3824,0,0,0,0,0,0,0,0,0,0,0,0,0,0,0,0,0,0,0,0,0,0,0,0,0,0,0,0,0,0,0
Geobacillus thermodenitrificans,0,0,0,0,0,0,0,0,0,0,0,0,0,0,0,0,0,0,0,0,0,108.39131,0,0,0,0,0,0,0,0,0,0,0,0,0,0,0,0,0,0,0,0,0,158.94702
Geobacter lovleyi,0,0,0,0,0,0,0,0,0,0,0,0,0,0,0,0,0,0,0,0,0,0,0,0,0,0,0,235.92279,0,140.46207,0,0,0,0,57.27093,0,0,0,0,0,0,0,0,0
Geobacter metallireducens,0,0,0,0,0,0,0,0,0,0,0,0,0,0,0,0,0,0,0,0,0,0,0,0,0,0,0,0,0,0,0,0,0,0,0,0,141.55428,0,0,0,0,0,0,0
Gluconacetobacter diazotrophicus,0,0,0,0,0,0,0,0,0,0,0,0,0,0,0,0,0,0,0,0,0,0,0,0,0,0,0,0,0,0,0,0,0,0,0,0,0,0,0,0,0,0,0,0
Gordonia bronchialis,0,0,0,0,0,0,0,0,0,0,0,0,0,0,0,0,0,0,0,0,0,0,0,0,0,0,0,0,0,0,0,0,0,0,0,0,0,0,0,0,0,0,0,0
Gramella forsetii,0,0,0,0,0,0,0,0,0,0,0,0,0,0,0,0,0,82.86188,0,0,0,117.36437,0,0,0,0,0,0,0,0,0,0,0,0,0,0,0,0,0,0,0,0,0,0
Haemophilus ducreyi,0,0,0,0,0,0,961.45615,0,0,0,0,0,0,0,0,0,0,0,0,0,0,0,0,0,0,0,0,0,0,0,0,0,0,0,0,0,0,0,0,0,0,0,0,0
Haemophilus influenzae,1828.35214,911.125403,701.97601,1072.66067,0,95.457365,4951.486134,0,194.667854,0,494.97441,0,0,416.868702,0,0,0,415.52274,1081.14621,1073.12167,1437.994974,213.551206,0,0,0,795.121635,0,244.465159,1618.562882,0,0,553.96612,0,0,74.76023,0,675.03877,0,0,748.645036,0,467.395696,0,1428.49648
Haemophilus parainfluenzae,3228.60176,1802.202323,3282.080546,2492.558974,0,349.697368,10848.53314,0,0,0,1385.562759,0,0,250.839896,0,0,0,2470.969545,1641.782301,3070.880445,3547.432386,429.149386,0,0,0,1924.391964,0,274.47915,11285.14601,0,0,5004.551175,0,0,114.978344,0,2663.43772,195.072086,0,2826.727801,0,1181.452393,0,4236.81617
Haemophilus parasuis,0,0,0,0,0,0,803.74324,0,0,0,0,0,0,0,0,0,0,0,0,0,0,0,0,0,0,0,0,0,68.84129,0,0,0,0,0,0,0,0,0,0,75.78936,0,0,0,0
Hahella chejuensis,0,0,0,0,0,0,0,0,0,0,0,0,0,0,0,0,0,0,0,0,0,0,0,0,0,0,0,0,0,0,0,0,0,0,0,0,0,0,0,0,0,0,0,0
Halanaerobium hydrogeniformans,0,206.08385,0,0,0,0,0,0,0,0,0,0,0,124.227998,0,0,0,0,0,0,0,0,0,0,0,0,0,0,0,0,0,0,0,0,0,0,0,0,0,0,0,0,0,0
Haliangium ochraceum,0,0,0,0,0,0,0,0,0,0,0,0,0,0,0,0,0,0,0,0,0,0,0,0,0,0,0,0,0,0,0,0,0,0,0,0,0,0,0,0,0,0,0,0
Haliscomenobacter hydrossis,0,0,0,298.99728,0,2072.2852,0,0,92.66356,133.92303,0,0,0,233.00552,0,0,99.6181,0,132.86551,0,0,114.8333,0,0,0,0,98.28753,0,0,0,0,112.75621,0,0,0,0,0,0,147.21648,0,0,0,110.30401,0
Halorhodospira halophila,0,0,0,0,0,0,0,0,0,0,0,0,0,0,0,0,0,0,0,0,0,0,0,0,0,0,0,0,0,0,0,0,0,0,0,0,0,0,0,0,0,0,0,0
Halothermothrix orenii,0,0,0,0,0,0,0,0,0,0,0,0,0,0,0,0,0,0,0,0,0,0,0,0,0,0,0,0,0,0,0,0,108.74987,0,84.44398,0,0,0,0,0,0,0,0,0
Halothiobacillus neapolitanus,0,0,0,0,0,0,0,0,0,0,0,0,0,0,0,0,0,0,0,0,0,0,0,0,0,0,0,0,0,0,0,0,0,0,0,0,0,0,0,0,0,0,0,0
Helicobacter felis,7233.31,0,1680.5499,0,0,0,593.9051,0,72.82561,0,0,0,0,60.277264,1887.4769,0,0,108.20086,0,0,495.6235,0,0,0,0,0,96.00603,0,0,0,555.7423,1220.717,0,0,0,0,0,0,0,0,0,193.7373,0,0
Helicobacter pylori,0,0,0,0,0,0,0,0,175.24553,0,0,0,0,0,0,0,0,0,0,0,0,0,0,0,0,0,0,0,0,3493.4329,0,0,0,0,0,0,0,0,166.27951,0,0,0,0,0
Heliobacterium modesticaldum,146.2611,127.32409,0,0,77.293976,0,0,0,323.9629,0,0,0,92.85233,2312.1378,0,0,153.39012,171.05846,0,0,145.46637,0,0,0,0,0,551.96663,62.549034,0,159.14526,0,0,0,48.68881,0,0,0,0,220.52039,62.652317,111.153435,0,0,0
Herbaspirillum seropedicae,0,0,0,0,0,0,0,0,0,0,0,0,0,35.756786,0,0,57.949615,0,0,0,0,0,0,0,0,0,114.85813,139.63335,0,349.26729,99.28918,0,339.06378,0,0,0,0,0,0,0,0,0,0,0
Herminiimonas arsenicoxydans,0,0,0,0,0,0,0,0,0,0,0,0,0,56.23916,0,0,0,0,0,0,0,0,0,0,0,0,0,0,0,0,0,0,116.27637,0,0,0,0,0,0,0,0,0,0,0
Herpetosiphon aurantiacus,0,728.48083,0,0,0,0,0,0,0,0,0,0,0,0,0,0,0,86.75763,0,0,172.79305,0,0,0,0,0,172.88101,104.05496,0,82.45017,0,0,0,0,0,0,0,0,0,0,0,0,0,0
Hippea maritima,0,5219.608,9111.253,16057.4055,0,1914.8618,335.0553,1537.03665,0,0,190.93097,1356.2625,0,73.01908,0,3711.7478,0,0,15237.341,1466.4568,0,0,0,3703.25116,2174.6553,5622.211,238.4051,799.3368,0,86.50408,0,1162.5259,4126.79427,1007.070775,1344.62654,6323.7341,210.66379,0,0,3636.82521,1388.1525,0,6199.7593,0
Hirschia baltica,0,0,0,0,0,0,0,0,0,0,0,0,0,0,0,0,0,0,0,0,0,0,0,0,0,0,0,0,0,0,0,0,120.458046,0,0,0,0,0,0,0,0,0,0,0
Hydrogenobacter thermophilus,0,0,0,0,0,0,0,0,0,0,0,0,0,0,0,0,0,0,0,0,0,0,0,0,0,0,0,0,0,0,0,0,0,0,0,0,0,0,0,0,0,0,0,0
Hydrogenobaculum sp. Y04AAS1,0,0,0,0,0,0,0,0,0,0,0,0,0,0,0,0,0,0,0,0,0,0,0,0,0,0,0,0,0,0,0,0,0,0,0,0,0,0,0,0,0,0,0,0
Hyphomonas neptunium,0,0,0,0,0,0,0,0,0,0,0,0,0,0,0,0,0,0,0,0,0,0,0,0,0,0,0,0,0,0,0,0,0,0,0,0,0,0,0,0,0,0,0,0
Idiomarina loihiensis,0,0,0,0,0,0,0,0,0,0,0,0,0,0,0,0,0,0,0,0,0,0,0,0,0,0,0,0,0,0,0,0,0,0,0,0,0,0,0,0,0,0,0,0
Ilyobacter polytropus,0,363.25974,1043.6728,0,1536.14937,0,0,0,0,223.713785,0,6532.7132,1105.293713,56.515244,0,0,0,258.77505,0,568.54474,1336.26177,0,0,7181.64636,1052.90117,0,0,1145.41345,0,0,0,432.91535,0,0,0,88.44128,0,0,1146.81888,630.301274,89.4587,0,0,2523.65471
Intrasporangium calvum,0,0,0,0,0,0,0,0,0,0,0,0,0,0,0,0,0,0,0,0,0,0,0,0,0,0,0,0,0,0,0,0,0,0,0,0,0,0,0,0,0,0,0,0
Isoptericola variabilis,0,0,0,0,0,0,0,0,0,0,0,0,0,0,0,0,0,0,0,0,0,0,0,0,0,0,0,0,0,0,0,0,0,0,0,0,0,0,0,0,0,0,0,0
Isosphaera pallida,0,0,0,164.60236,0,26.042757,0,82.526634,0,0,0,0,0,0,0,0,0,0,0,0,0,98.61379,0,0,66.94565,0,0,0,0,0,0,0,0,72.19371,0,0,0,0,0,0,0,0,0,0
Janthinobacterium sp. Marseille,0,0,0,0,0,0,0,0,0,0,0,0,0,0,0,0,0,0,0,0,0,0,0,0,0,53.972603,0,0,0,0,0,0,197.19965,0,0,0,0,0,0,0,0,0,0,0
Kineococcus radiotolerans,0,0,0,0,0,0,0,0,0,112.222824,0,0,0,0,0,0,0,0,0,0,0,0,0,0,0,0,0,0,0,0,0,0,0,0,0,0,0,0,0,0,0,0,0,0
Klebsiella pneumoniae,510.44546,0,0,1133.816903,0,76.54624,497.357075,0,0,226.450024,0,0,0,2600.956294,0,0,0,64.07254,977.908846,0,0,0,0,0,82.54772,176.2362,0,0,0,0,0,0,0,0,0,2271.88071,0,0,0,0,0,0,0,9835.54654
Klebsiella variicola,0,0,0,0,0,0,0,0,0,0,0,0,0,0,0,0,0,0,0,0,0,0,0,0,0,0,0,0,0,0,0,0,0,0,0,248.39148,0,0,0,0,0,0,0,0
Kocuria rhizophila,0,0,0,0,0,0,0,0,0,0,0,0,0,0,0,0,0,0,0,0,0,0,0,0,0,0,93.49566,0,0,0,0,0,0,0,0,0,0,0,0,0,0,0,0,0
Kosmotoga olearia,0,0,0,0,0,0,0,0,0,0,0,0,0,0,0,0,0,0,0,0,0,0,0,0,0,0,0,0,0,0,0,0,0,0,0,0,0,0,0,0,0,0,0,0
Krokinobacter sp. 4H-3-7-5,0,0,0,0,0,0,0,0,0,0,0,0,0,90.57159,0,0,0,0,0,0,0,0,0,0,0,0,0,0,0,0,0,0,0,0,0,0,0,0,174.98466,131.61346,0,0,0,0
Kyrpidia tusciae,0,0,0,0,0,0,0,0,0,0,0,0,0,0,0,0,0,0,0,0,0,0,0,0,0,0,0,110.36387,0,0,0,0,0,0,0,0,0,0,0,0,0,0,0,0
Lactobacillus acidophilus,0,0,0,0,0,0,0,0,0,0,0,0,119.969666,0,146.32932,0,0,0,0,0,0,0,0,0,0,0,0,0,0,0,0,0,0,0,0,111.175385,0,0,0,0,61.784958,0,0,0
Lactobacillus amylovorus,0,0,0,0,0,0,0,0,0,0,0,0,0,0,0,0,0,0,0,0,0,0,0,0,0,0,0,0,0,0,0,0,0,0,0,0,0,0,0,0,0,0,0,0
Lactobacillus brevis,0,0,0,0,0,0,0,0,0,0,0,0,0,78.435814,0,0,0,0,0,0,0,0,0,0,0,0,0,0,0,0,0,0,0,0,0,0,0,0,0,0,0,0,0,0
Lactobacillus buchneri,227.41504,0,0,0,0,0,0,0,0,0,0,0,0,0,0,0,0,0,0,0,0,0,0,0,0,0,0,0,0,0,0,0,0,0,0,0,0,0,0,0,0,0,0,0
Lactobacillus crispatus,0,0,0,0,0,0,0,0,0,0,0,0,0,0,0,0,0,0,0,0,0,0,0,0,0,0,0,0,0,0,0,0,0,0,0,455.735467,0,0,0,0,0,0,0,0
Lactobacillus delbrueckii,0,0,0,0,0,0,0,0,0,0,0,0,0,44.95714,0,0,0,0,0,0,0,0,0,0,0,105.26235,0,0,0,0,0,0,0,0,0,0,0,0,0,727.72076,0,0,0,0
Lactobacillus fermentum,0,0,0,0,0,0,0,0,0,299.06492,0,0,0,0,0,0,0,0,0,0,0,0,0,0,0,0,0,0,0,0,0,0,0,0,0,0,0,0,0,0,0,0,0,0
Lactobacillus gasseri,0,0,0,0,0,0,0,0,0,0,0,0,0,0,0,0,0,0,0,0,0,0,0,0,0,0,0,0,0,0,0,0,62.03955,0,0,0,0,0,0,0,0,0,0,0
Lactobacillus johnsonii,0,0,0,0,0,0,0,0,0,0,0,0,0,0,0,0,0,0,0,0,0,0,0,0,0,0,0,0,0,0,0,0,382.573734,0,0,0,0,0,0,0,0,0,0,0
Lactobacillus kefiranofaciens,0,0,0,0,0,0,0,0,0,226.4334,0,0,0,0,0,0,0,0,0,0,0,0,0,0,0,0,0,0,0,0,0,0,0,0,0,0,0,0,0,0,0,0,0,0
Lactobacillus plantarum,0,0,0,0,0,0,0,0,0,0,0,0,0,0,0,0,127.59601,0,0,0,0,0,0,0,0,0,0,0,0,0,0,0,0,0,0,0,0,0,0,0,0,0,0,0
Lactobacillus reuteri,0,84.09881,0,0,0,0,0,0,0,0,0,0,0,0,0,0,0,0,0,0,0,0,0,0,0,0,0,0,0,0,0,0,0,0,0,0,0,0,0,0,0,0,0,0
Lactobacillus ruminis,0,0,0,0,0,0,0,0,0,0,0,0,0,0,0,0,0,0,0,0,0,0,0,0,0,0,0,0,0,0,0,0,0,0,0,0,0,0,0,101.70707,0,0,0,0
Lactobacillus sakei,0,211.36954,0,0,0,0,0,0,0,0,0,0,129.91028,118.083146,0,0,0,93.18499,0,179.93288,0,0,0,0,0,0,260.85963,0,0,0,0,0,0,0,284.1151,184.05202,167.47517,0,161.71495,0,0,0,0,0
Lactobacillus salivarius,0,0,0,0,0,0,0,0,0,0,0,0,0,188.48909,0,0,339.37747,0,0,0,0,0,0,0,0,67.321205,0,0,0,0,0,0,1983.647282,0,0,0,0,0,0,0,0,2547.58192,0,0
Lactobacillus sanfranciscensis,0,0,0,0,0,0,0,0,0,0,0,0,0,0,0,0,0,0,0,0,0,127.96489,0,0,0,0,0,0,0,0,0,0,0,0,0,0,0,0,0,69.39088,0,0,0,0
Lactococcus garvieae,149.74901,0,0,0,0,0,0,0,203.44858,92512.99616,0,0,0,0,0,0,0,89.67737,0,0,0,0,0,0,0,0,0,0,0,0,0,0,72.562996,0,0,0,0,0,0,0,0,0,0,0
Lactococcus lactis,0,57.545277,0,0,0,0,0,0,106.5821,2352.128545,0,0,0,0,0,0,0,102.35971,0,0,0,0,126.538475,0,0,0,0,0,0,0,0,0,0,0,0,0,0,0,0,0,0,0,0,0
Laribacter hongkongensis,0,0,0,0,0,0,0,0,0,0,0,0,0,0,0,0,0,0,0,0,0,0,0,0,0,0,0,0,0,0,0,0,0,0,0,0,0,0,247.26617,0,0,0,0,0
Lawsonia intracellularis,0,1209.612765,2711.06313,2241.78676,4458.69979,1944.50527,2395.672535,74.24114,1917.91193,680.779635,865.793117,1828.058666,480.285805,2556.792724,0,2578.52891,1532.829618,0,0,2912.18833,4790.70921,155.77357,2594.3815,2918.08743,1997.954991,2366.07386,3540.99101,1052.565269,96.21712,76.6255,1706.40164,1096.106434,0,1771.153424,260.661156,181.014925,0,2677.681955,231.3553,1146.461971,2211.49591,0,2085.99877,4175.56955
Leadbetterella byssophila,1215.4177,296.96628,0,334.548086,0,1232.215646,0,830.7643,1568.41002,120.024475,0,379.50522,0,159.05188,999.98224,1095.37255,1181.59555,2448.8568,0,1971.19973,700.09716,2379.58074,1021.2598,0,853.0809,1365.27524,3560.35559,1623.6716,169.85541,3341.32334,4472.223995,101.20799,3063.82262,272.93683,1459.274,1418.55045,0,0,214.06024,189.47946,821.00128,0,1124.44495,0
Leptospira biflexa,0,0,0,0,0,0,0,0,0,0,0,0,0,0,0,0,0,0,0,0,0,0,0,0,0,0,0,0,0,0,0,0,0,0,0,0,0,0,0,0,0,0,0,0
Leptotrichia buccalis,0,0,0,0,0,0,0,0,0,0,0,0,0,0,143.20294,0,0,0,0,0,0,0,0,0,0,0,0,0,0,194.7649,0,0,0,90.759735,0,0,0,0,0,0,0,0,0,0
Leuconostoc citreum,0,0,0,0,0,0,0,0,0,0,0,0,0,0,0,0,0,0,0,0,0,0,0,0,0,0,0,0,0,0,0,0,0,0,0,0,0,0,0,0,0,0,0,0
Leuconostoc gasicomitatum,0,0,0,0,0,0,0,0,0,0,0,0,0,0,0,0,0,0,0,0,0,0,0,0,0,0,0,0,0,0,0,0,0,0,0,0,0,0,0,0,0,0,0,0
Leuconostoc kimchii,0,0,0,0,0,0,0,0,0,0,0,0,0,0,0,0,0,0,0,0,0,0,0,0,0,0,0,0,0,0,0,0,0,0,0,0,0,0,0,0,0,0,0,0
Leuconostoc mesenteroides,0,0,0,0,0,0,0,0,0,0,0,0,0,0,0,0,0,0,0,0,0,0,0,0,0,0,0,0,0,0,0,0,0,0,0,0,0,0,0,0,0,0,0,0
Leuconostoc sp. C2,0,87.68484,0,0,0,0,0,0,0,0,126.347946,0,0,0,0,0,0,0,0,0,0,0,0,0,0,0,0,0,0,0,0,0,0,0,0,0,0,0,0,0,0,0,0,0
Listeria monocytogenes,0,185.68208,0,0,0,0,0,0,0,0,0,0,0,0,0,0,0,0,0,0,0,0,0,0,0,0,92.506485,0,0,0,0,0,0,0,0,0,0,0,0,0,0,0,0,0
Lysinibacillus sphaericus,0,0,0,0,0,0,0,0,165.34703,0,0,0,0,0,0,208.095185,0,162.03155,0,0,0,0,0,0,0,0,0,0,0,0,0,0,0,0,0,0,0,0,0,0,111.47456,0,0,0
Macrococcus caseolyticus,0,0,0,97.270744,0,0,0,0,0,0,0,0,0,0,1006.32605,111.78457,0,70.67108,0,0,0,0,188.28644,0,0,0,0,0,0,0,0,0,0,0,0,0,0,0,0,0,0,0,0,0
Magnetococcus marinus,0,1273.35146,0,91.026886,578.73566,4.3986187,414.893,0,109.67704,0,0,0,0,0,304.75204,564.64685,416.42868,0,1106.7238,0,0,113.22107,0,0,0,136.37675,0,0,0,0,0,0,0,2283.098,261.31411,0,0,0,0,0,213.47394,0,0,105.964676
Magnetospirillum magneticum,0,0,0,0,0,0,0,0,0,0,0,0,0,0,0,0,0,0,0,0,0,0,0,0,0,0,0,0,0,0,0,0,0,0,0,0,0,0,0,0,0,0,0,0
Mahella australiensis,236.5385,1307.18239,0,238.46475,129.9979,186.23044,0,184.857205,715.110385,112.81731,92.09918,0,0,2571.861986,0,0,894.561015,1688.788974,0,118.156006,167.53444,697.56094,118.38757,0,586.71963,378.007224,6207.544587,607.3887,0,13861.09244,0,0,104.99516,0,1481.371435,116.16265,204.81578,0,83.326416,915.33158,96.75624,52.994236,0,0
Mannheimia succiniciproducens,0,0,0,0,0,0,0,0,0,0,0,0,0,0,0,0,0,0,174.45215,148.14177,0,0,0,0,0,0,0,0,0,0,0,0,0,0,0,0,0,0,0,0,0,0,0,0
Maribacter sp. HTCC2170,0,0,0,0,0,0,0,0,0,0,0,0,0,0,0,0,0,0,0,0,0,0,0,0,0,0,0,0,0,0,70.476166,0,0,0,0,0,0,0,0,0,0,0,0,0
Maricaulis maris,0,0,0,0,0,0,0,0,0,0,0,0,0,0,0,0,134.38847,0,0,0,0,0,0,0,0,0,0,0,0,0,0,0,0,0,0,0,0,0,0,1493.6311,0,0,0,0
Marivirga tractuosa,0,0,0,0,0,0,0,93.81801,0,0,0,0,0,0,0,0,0,0,0,0,140.78421,0,0,0,0,0,0,0,0,0,0,0,0,107.12279,0,0,0,0,211.05026,0,0,0,0,0
Melissococcus plutonius,0,0,0,0,0,0,0,0,0,0,0,0,0,0,0,0,0,260.053616,0,0,0,0,0,0,0,0,0,0,0,0,0,0,85.78237,0,0,0,0,0,0,0,0,0,0,0
Methylotenera mobilis,0,0,0,0,0,0,0,0,0,0,0,0,0,0,0,0,0,0,0,0,0,0,0,0,0,0,0,0,0,0,0,0,0,0,0,0,0,0,0,0,0,0,0,0
Methylovorus glucosotrophus,0,0,0,0,0,0,0,0,0,0,0,0,0,0,0,0,0,0,0,0,0,0,0,0,0,0,0,0,0,0,0,0,0,0,0,0,0,0,0,0,0,0,0,0
Methylovorus sp. MP688,0,0,0,0,0,0,0,0,0,0,0,0,0,0,0,0,0,0,0,0,0,0,0,0,0,0,0,0,0,0,0,0,0,0,0,0,0,0,0,0,241.75098,0,0,0
Micrococcus luteus,0,0,0,0,0,0,0,0,0,0,0,0,0,0,0,0,0,0,0,0,0,0,0,0,0,0,0,0,0,0,0,0,0,0,0,0,0,0,0,0,0,0,0,0
Mobiluncus curtisii,0,0,0,0,0,0,0,0,0,0,0,0,0,0,0,0,167.43604,0,0,0,0,144.0519,0,0,0,0,0,0,0,0,0,0,0,0,0,0,0,0,0,0,0,0,0,0
Moorella thermoacetica,0,0,0,0,0,0,0,0,0,0,0,0,0,0,0,128.50212,0,0,105.799675,0,135.11159,244.595855,0,0,0,0,74.64966,0,76.6902,0,0,176.57437,0,0,75.04754,73.98458,0,0,307.89923,182.838826,0,0,0,170.30032
Moraxella catarrhalis,0,0,0,0,0,0,0,0,0,0,0,0,0,0,0,0,0,0,0,0,0,0,0,0,0,0,0,0,0,0,0,0,0,0,0,0,0,0,0,0,0,0,0,0
Muricauda ruestringensis,0,0,0,0,0,0,0,0,0,0,0,0,0,0,0,0,0,0,0,0,0,0,0,0,0,0,0,0,0,0,0,0,0,0,0,0,0,0,0,0,0,0,0,0
Mycoplasma conjunctivae,0,0,0,0,0,0,0,0,0,0,0,0,0,0,0,0,0,0,107.10501,0,0,0,0,0,0,0,0,0,0,0,0,0,0,0,0,0,0,0,0,0,0,0,0,0
Mycoplasma crocodyli,0,0,0,0,0,0,0,0,0,0,0,0,0,0,0,0,0,0,0,0,0,0,0,0,0,0,0,0,0,0,0,0,0,0,0,0,0,0,0,0,0,0,0,0
Mycoplasma fermentans,0,0,0,0,0,0,0,0,0,0,0,0,0,0,0,0,0,0,0,0,0,0,0,0,0,0,0,0,0,0,0,0,0,0,0,0,0,0,0,0,0,0,0,0
Mycoplasma gallisepticum,0,124.834274,0,303.28787,0,275.4697,0,0,0,0,0,0,0,0,105.520454,0,0,0,118.322105,0,349.01428,0,0,0,0,0,0,0,0,0,0,16606.375,0,0,0,0,0,0,0,0,1948.8289,0,0,0
Mycoplasma haemofelis,0,0,0,0,0,0,0,0,0,0,0,0,0,0,0,0,0,0,0,0,0,0,0,0,151.52386,0,0,0,0,0,0,0,0,0,0,0,0,0,0,0,0,0,0,0
Mycoplasma hominis,0,3458.0403,0,0,0,0,0,0,0,0,0,0,0,4915.272,0,0,0,0,0,0,0,0,0,0,0,0,0,0,0,0,0,0,0,0,1047.3044,0,0,0,0,0,0,0,0,0
Mycoplasma hyopneumoniae,0,0,0,0,92.98916,0,0,0,0,0,0,0,0,0,0,0,0,0,0,0,0,0,0,0,0,0,0,0,0,0,0,0,0,0,0,0,0,0,0,0,0,0,0,0
Mycoplasma mobile,0,0,0,0,0,0,0,0,160.857,0,0,0,478.43878,0,0,0,0,0,0,0,177.44711,0,0,0,0,0,0,0,0,0,0,0,0,0,519.5472,0,0,0,0,0,0,0,0,253.04086
Mycoplasma penetrans,0,0,0,0,0,0,0,0,100.094444,0,0,0,0,157.42667,0,0,0,0,0,0,0,0,110.01531,0,0,0,0,0,0,0,0,0,0,0,0,0,0,0,0,0,0,0,0,0
Mycoplasma pneumoniae,0,0,0,0,0,0,0,0,0,0,0,0,0,0,0,0,0,0,0,0,0,0,0,0,0,0,0,0,0,0,0,0,0,0,0,0,0,0,0,0,0,0,0,0
Mycoplasma pulmonis,0,1733.5929,0,0,0,0,0,1783.8975,0,0,0,7889.1952,0,473.2758,0,2661.6484,320.61578,958.9238,0,1317.4117,0,191.69067,23811.371,0,6214.431,0,1038.9001,0,10088.937,839.504,0,661.36816,0,1271.946,0,0,0,0,0,263.62674,287.51355,0,2546.1504,0
Mycoplasma suis,0,0,0,0,0,0,0,0,0,0,0,0,0,0,0,0,0,0,0,0,0,0,0,0,0,0,0,0,0,0,0,0,0,0,0,0,0,0,0,0,0,0,0,0
Mycoplasma synoviae,0,0,0,0,0,0,0,0,0,0,0,0,0,0,0,0,0,0,0,0,0,0,0,0,0,0,0,0,0,0,121.55991,0,0,0,0,0,0,0,0,0,0,0,0,0
Myxococcus fulvus,0,0,0,0,0,0,0,0,0,0,0,0,0,0,0,0,0,0,0,0,0,0,0,0,0,0,0,0,0,0,0,0,0,0,0,0,0,0,0,0,0,0,0,0
Natranaerobius thermophilus,0,256.873116,0,0,0,0,0,0,0,0,0,0,0,105.569945,0,100.96574,82.68703,0,99.49809,0,0,0,0,0,0,0,54.317383,0,0,0,0,0,84.65685,0,0,0,0,0,0,165.49508,168.09619,0,0,0
Nautilia profundicola,0,0,0,0,0,0,0,0,0,0,0,0,0,0,0,120.83785,0,0,0,0,0,0,0,0,0,0,0,0,0,0,0,0,0,0,0,0,0,0,0,67.82644,0,0,0,0
Neisseria meningitidis,0,0,0,141.20427,0,0,0,0,213.64867,0,0,0,0,155.9701,667.2986,0,0,0,0,0,0,0,0,0,458.16418,0,0,284.71402,121.2088,0,0,0,0,0,488.60663,0,0,0,404.28738,0,0,0,0,0
Neorickettsia sennetsu,0,0,0,0,0,0,0,0,0,0,0,0,0,0,0,0,0,0,0,0,0,0,0,0,0,0,0,0,0,0,0,0,0,0,0,0,0,0,0,0,0,0,0,0
Nitrosomonas eutropha,0,0,0,0,0,0,0,0,0,0,0,0,0,0,0,0,0,0,0,0,0,0,0,0,0,0,0,0,0,0,0,0,0,0,0,0,0,0,0,0,0,0,0,0
Nitrosomonas sp. Is79A3,0,0,0,0,0,0,0,0,0,0,0,0,0,0,0,0,0,0,0,0,0,0,0,0,0,0,0,0,0,0,0,0,0,0,0,0,0,0,0,0,0,0,0,0
Nitrosospira multiformis,0,0,0,0,0,0,0,0,0,0,0,0,0,0,0,0,0,0,0,0,0,0,0,0,0,0,0,0,0,0,0,0,0,0,0,0,0,0,155.70526,0,0,0,0,0
Novosphingobium aromaticivorans,446.89564,0,0,0,0,0,0,0,0,0,0,0,0,0,0,0,0,0,0,0,0,0,0,0,0,0,0,0,0,0,0,0,0,0,0,0,0,0,0,0,0,0,0,0
Oceanobacillus iheyensis,131.45602,0,0,0,0,0,0,0,0,0,0,0,0,0,0,0,0,0,141.63855,0,0,0,0,79.794334,0,0,0,0,0,0,0,0,0,69.63318,0,0,123.54652,86.01445,0,0,0,0,0,0
Odoribacter splanchnicus,19167.89534,21700.59358,8666.87785,12865.0775,711.018694,21290.44422,7567.424084,27038.55706,66259.93713,9338.956654,1244.355528,41753.99039,9881.75219,10144.1445,19387.18727,10055.55401,47905.69037,81487.28257,1130.103185,58621.32492,5882.508973,61840.63589,6579.739521,1036.955431,14459.36826,47080.26766,68945.17103,46743.87355,6097.767754,59913.09419,86483.59197,43755.3492,52268.92279,14214.11604,21572.62278,28891.16485,0,0,91161.57241,11399.28879,10140.47793,6436.138496,7588.462995,223.002388
Oenococcus oeni,0,0,0,0,0,0,0,0,0,0,0,0,0,0,0,0,0,0,0,0,0,0,0,0,0,144.49576,0,0,0,0,0,86.673195,0,0,0,0,0,0,0,0,0,0,0,0
Olsenella uli,0,0,0,0,0,0,0,0,0,0,0,0,0,0,0,0,103.73453,0,0,0,0,0,0,0,0,0,0,0,0,0,0,0,0,0,360.26492,0,0,0,0,0,0,0,0,0
Orientia tsutsugamushi,0,375.99353,0,0,0,0,0,0,0,174.26808,0,0,160.50424,0,0,0,1817.8591,61.29403,0,0,0,0,0,0,0,0,0,0,0,0,0,0,0,0,0,0,0,0,0,0,0,0,0,0
Paenibacillus mucilaginosus,0,0,0,0,0,0,0,0,0,0,0,0,0,0,0,0,0,0,0,0,0,0,0,0,0,0,302.8956,0,0,0,0,0,0,0,0,0,0,0,0,0,0,0,0,0
Paenibacillus polymyxa,0,0,0,0,0,0,0,0,0,0,0,0,0,0,158.54462,85.76037,0,0,0,77.23127,0,0,0,0,0,0,0,0,0,710.62085,0,0,136.69537,0,0,0,0,0,0,89.74342,113.77244,0,77.83797,0
Paenibacillus sp. JDR-2,0,0,0,0,0,0,0,0,0,0,0,0,0,0,0,0,0,0,0,0,0,0,0,0,0,0,0,0,0,0,0,0,0,0,0,0,0,0,0,0,0,75.64263,0,0
Paenibacillus sp. Y412MC10,0,0,0,110.86833,0,0,0,0,0,0,0,0,0,0,0,0,0,0,0,0,0,0,0,0,0,0,0,0,0,0,0,0,0,0,0,0,0,0,0,0,0,0,0,0
Paludibacter propionicigenes,0,338.1643,268.875892,73.88277,0,38.825657,0,2066.897955,7094.1965,261.71321,0,997.683229,0,389.688204,0,447.316881,761.399994,99.60911,132.04858,1195.24525,2135.915194,4297.81791,0,79.922134,159.68039,4598.811135,1235.91352,1067.2574,202.36649,6020.4471,7743.70383,8587.84737,1177.93938,258.720548,2609.918785,158.54597,0,0,1980.93217,587.801574,248.76045,100.822655,904.093504,0
Pantoea ananatis,0,0,0,0,0,0,0,0,0,0,0,0,0,0,0,0,0,0,0,0,0,0,0,0,0,0,0,0,0,0,0,0,0,0,0,0,0,0,0,0,0,0,0,0
Pantoea vagans,0,0,0,0,0,0,0,0,0,0,0,0,0,0,0,0,0,0,0,0,0,0,0,0,0,0,0,0,0,0,0,0,0,0,0,0,0,0,0,0,0,0,0,0
Parabacteroides distasonis,24437.06707,9345.64888,15863.31309,21298.21859,36675.40193,49002.09762,19225.91144,8018.109364,21920.59782,16628.67661,7150.766797,20671.3367,126792.9605,7677.936747,11738.2012,7133.221209,9068.24761,10646.73906,6460.122111,12180.29621,14746.86141,16585.30898,21778.83236,16287.8721,9713.52999,16163.14635,9243.879634,9619.812843,13556.54922,59365.70199,34156.01345,22817.59225,6443.73877,5145.74966,16453.92307,9366.59849,4098.10951,4734.14742,30771.58763,6668.951456,8134.87937,10186.11233,20362.36867,10732.67459
Parachlamydia acanthamoebae,0,0,0,0,0,0,0,0,0,0,0,0,0,0,0,0,0,0,0,0,0,0,0,0,0,0,0,73.898834,0,0,0,0,0,0,0,0,0,0,0,0,0,0,0,0
Pasteurella multocida,0,0,0,0,0,0,0,0,0,0,0,0,0,0,0,0,0,0,0,0,0,0,0,0,0,0,0,0,0,0,0,0,0,0,0,0,0,0,0,0,0,0,0,0
Pectobacterium wasabiae,0,0,0,0,0,0,0,0,0,0,0,0,0,0,0,0,0,0,0,0,0,0,0,0,0,0,0,0,0,0,0,0,0,0,0,120.67387,0,0,0,0,0,0,0,0
Pediococcus pentosaceus,0,0,0,0,0,0,0,0,0,0,0,0,0,0,0,0,0,0,0,0,0,0,0,0,0,0,0,0,0,0,0,0,0,0,0,0,0,0,0,0,0,0,0,0
Pedobacter heparinus,0,0,0,0,0,0,0,0,0,0,85.20365,0,0,0,0,0,0,0,0,0,0,0,0,0,0,0,0,0,0,0,0,0,0,0,0,0,0,0,0,0,0,0,0,0
Pedobacter saltans,0,0,0,0,0,0,0,208.29428,0,0,0,1978.355,0,135.78089,0,0,0,71.38135,0,0,105.251816,0,0,102.37532,1657.2273,0,0,0,0,0,0,0,0,1570.93714,57.35106,0,0,0,0,0,0,0,0,0
Pelobacter carbinolicus,0,0,0,0,110.83651,0,0,0,0,0,0,0,0,0,0,0,95.815865,0,0,0,0,0,0,120.17211,0,0,0,0,0,0,0,0,0,0,0,0,0,0,0,0,0,0,0,0
Pelobacter propionicus,0,0,0,0,0,0,0,0,0,0,0,0,0,0,0,0,0,0,0,0,0,0,0,0,0,0,0,0,0,0,0,0,0,0,0,0,0,0,0,0,0,0,0,0
Pelodictyon luteolum,0,151.47041,0,0,0,0,0,0,0,0,0,0,0,0,0,0,0,0,0,0,0,0,0,0,0,0,0,0,0,0,0,0,0,0,0,0,0,0,0,0,0,0,0,0
Pelotomaculum thermopropionicum,0,127.548805,0,0,0,0,0,0,0,0,0,0,0,0,0,0,0,0,0,0,0,0,0,0,0,0,0,0,0,0,0,0,0,0,0,0,0,0,0,0,0,0,0,0
Persephonella marina,0,0,0,0,0,0,0,0,0,0,0,0,0,0,0,0,0,0,0,0,0,0,0,0,0,0,0,0,0,0,0,0,0,0,0,0,0,0,0,0,0,0,0,0
Petrotoga mobilis,0,0,286.48798,0,0,0,0,0,0,0,0,0,0,0,0,0,0,0,0,0,0,0,0,0,0,0,0,0,0,157.0666,0,0,0,0,0,0,0,0,0,0,0,0,0,0
Photobacterium profundum,0,0,0,0,0,0,0,0,0,0,0,0,0,0,0,0,0,0,0,0,0,0,0,0,0,0,0,0,0,0,0,0,0,0,0,0,0,0,0,0,0,0,0,535.978356
Photorhabdus asymbiotica,0,0,0,0,0,0,0,0,0,0,0,0,0,0,0,0,0,0,0,0,0,0,0,0,0,0,0,0,0,0,0,0,0,0,0,0,0,0,0,0,0,0,0,0
Pirellula staleyi,0,0,0,0,0,0,0,0,0,0,0,0,0,0,0,0,0,0,0,0,0,0,0,0,0,0,0,0,0,0,0,0,0,0,0,0,0,0,0,0,0,0,0,0
Planctomyces limnophilus,0,0,0,0,0,0,0,0,0,0,0,0,0,0,0,0,0,0,0,0,0,0,0,0,0,0,0,0,0,0,0,0,0,0,0,0,0,0,0,0,0,0,0,0
Polaromonas naphthalenivorans,0,0,0,0,0,0,0,0,0,0,0,0,0,0,0,0,0,0,0,0,0,0,0,0,0,0,0,0,0,0,112.735466,0,0,0,0,0,0,0,0,0,0,0,0,0
Polynucleobacter necessarius,0,0,0,105.7912,0,0,0,0,96.8711,0,266.57846,0,0,512.75101,0,0,0,0,2456.3518,0,0,164.20428,80.49491,4590.7305,0,76.18619,0,66.68389,2746.9879,679.42103,106.88889,1405.982085,122.520096,0,259.7394,0,0,0,614.27439,1221.05859,472.93761,0,0,0
Porphyromonas asaccharolytica,0,0,62.491497,164.85481,0,26.402061,0,0,732.47196,113.9691,70.595634,200.066701,0,268.739105,0,0,842.92996,0,116.48558,0,473.297205,8693.861235,0,0,2809.43736,129.6976,738.3677,330.94021,0,500.2861,7039.8747,0,199.06684,88.55233,0,0,0,0,1670.44353,244.31218,0,100.29348,461.07453,0
Porphyromonas gingivalis,192.64384,100.229614,0,0,384.732324,0,0,0,257.480929,186.95432,68.4901,0,0,76.03681,0,368.51074,89.36619,57.554497,0,0,0,184.957375,0,0,0,0,385.500506,0,0,0,0,0,323.29414,66.6542,192.76327,0,0,0,104.76551,0,182.51402,0,0,0
Prevotella denticola,0,0,0,0,0,0,0,0,0,0,0,0,0,30573.04271,0,0,0,0,0,0,10755.55526,154.7649,0,0,90.911064,0,0,10565.5606,0,0,0,0,0,0,0,0,0,0,0,0,0,0,0,0
Prevotella melaninogenica,0,0,0,0,0,0,43153.87,40015.777,19438.387,0,0,0,0,48022.34345,0,0,21871.875,77.94174,12906.833,0,5952.5876,0,0,0,126.44715,0,0,26671.146,0,146.43066,0,25255.567,0,0,106.634964,0,0,0,1447.7689,0,0,0,202.57367,0
Prevotella ruminicola,0,0,0,21722.313,0,1151.039796,0,1907.72017,0,0,106852.71,0,0,110749.8298,0,102.89213,0,94.40426,31787.392,0,31402.11052,2582.95312,0,61.55758,6869.199385,0,0,40969.17732,0,468.390634,0,9271.041,0,7433.3174,151.61879,0,0,38235.719,283.901464,54228.71117,0,0,221.33682,0
Proteus mirabilis,0,0,0,0,0,0,0,0,0,0,0,0,0,0,0,0,0,0,0,0,0,0,0,0,0,0,0,0,0,0,0,0,0,0,0,0,0,0,0,0,0,0,0,0
Pseudogulbenkiania sp. NH8B,447.22827,0,880.2018,717.3619,1025.5782,4.399429,0,0,141.2875,0,0,427.30917,0,97.20148,0,0,442.99777,82.603714,0,0,0,0,0,0,0,0,282.08942,78.80817,0,0,0,0,0,0,0,259.0707,0,0,0,0,229.87903,0,1862.7058,310.65842
Pseudonocardia dioxanivorans,0,0,0,0,0,0,0,0,0,0,0,0,0,0,0,0,0,0,0,0,0,0,0,0,0,0,0,0,0,0,0,0,0,0,0,0,0,0,0,0,0,0,0,0
Psychromonas ingrahamii,0,0,0,0,0,0,0,0,0,0,0,0,0,0,0,0,0,0,0,0,161.58084,0,0,0,0,0,0,0,0,0,0,0,0,0,0,0,0,0,0,0,0,0,0,0
Pusillimonas sp. T7-7,0,0,0,0,0,0,0,0,116.66424,0,279.462505,56.439194,0,106.936714,0,0,0,0,0,0,144.38832,281.1629,0,0,0,97.53157,0,80.83886,0,0,0,0,0,0,0,0,0,0,486.08296,523.339,190.81828,0,0,0
Ralstonia pickettii,0,0,0,0,0,0,0,0,100.252266,0,0,0,0,45.72521,0,0,0,0,0,0,0,0,0,0,0,0,0,0,0,0,0,0,0,0,0,0,0,0,0,0,0,0,0,0
Ralstonia solanacearum,0,0,0,0,0,0,0,0,0,0,0,0,0,0,0,0,0,0,0,0,0,0,0,0,0,0,0,0,0,0,0,0,0,0,0,0,0,0,0,0,0,0,0,0
Rhizobium leguminosarum,0,0,0,0,0,0,0,0,0,0,0,0,0,0,0,0,0,0,0,0,0,0,0,0,0,0,0,0,0,0,0,0,0,0,0,0,0,0,0,0,0,0,0,0
Rhodobacter sphaeroides,0,0,0,0,0,0,0,0,0,0,0,0,0,0,0,0,0,0,0,0,0,0,0,0,0,0,0,0,0,0,0,0,0,0,0,0,0,0,0,0,0,0,0,0
Rhodopirellula baltica,0,0,0,0,0,0,0,0,0,0,0,0,0,0,0,0,0,0,0,0,0,0,0,0,0,0,0,0,0,0,0,0,0,0,0,0,0,0,0,0,0,0,0,0
Rhodospirillum centenum,0,0,0,0,0,0,0,0,0,0,0,0,0,0,0,0,0,0,0,0,0,0,0,0,0,0,0,0,0,0,0,0,0,0,0,0,0,0,0,0,0,0,0,0
Rhodospirillum rubrum,0,0,0,0,0,0,0,0,0,0,0,0,0,0,0,0,0,0,0,0,0,0,0,0,0,0,0,0,0,0,0,0,0,0,0,0,0,0,0,4533.311473,0,0,0,0
Riemerella anatipestifer,0,0,0,0,0,0,0,0,74.226845,0,0,0,0,0,0,0,0,0,0,0,0,0,0,0,0,0,0,0,0,0,0,0,0,0,0,0,0,0,0,0,0,0,0,0
Robiginitalea biformata,0,0,0,0,0,0,0,0,0,0,0,0,0,0,0,0,0,0,0,0,0,0,0,0,0,0,91.960686,0,0,0,0,0,0,0,0,0,0,0,0,0,0,0,0,0
Roseburia hominis,24591.18824,27746.59334,3576.545694,32705.74137,9250.796789,57532.80223,12808.09571,13627.69556,7349.170246,1844.0665,16181.58417,1196.227281,1832.1967,10285.79015,2966.19746,44848.10257,48871.70711,15515.82065,9941.45224,17896.60701,22648.75132,15840.89819,3076.81418,2817.81366,19384.00537,7046.500472,13706.7181,52621.51896,5651.457844,8091.3907,4425.845648,13540.01133,40138.39871,21824.11205,35711.09634,18988.22912,58338.60056,1396.376004,648.7276,31419.01342,22233.40418,1328.347536,3184.472196,37907.05131
Roseiflexus castenholzii,0,89.35502,0,0,0,0,0,0,0,0,0,0,0,0,0,0,0,0,0,0,0,0,0,0,0,0,0,0,0,0,0,0,0,0,0,0,0,0,0,0,0,0,0,0
Roseiflexus sp. RS-1,0,0,0,0,0,0,0,0,0,0,0,0,0,0,0,0,0,0,0,0,0,0,0,0,0,0,0,0,0,0,0,0,0,0,0,0,0,0,0,0,0,0,0,0
Rothia dentocariosa,0,0,0,0,0,0,0,0,0,0,0,0,0,0,0,0,0,0,0,0,0,0,0,0,0,0,0,0,0,0,0,0,0,0,0,0,0,0,0,0,0,0,0,0
Rothia mucilaginosa,0,0,0,0,0,0,0,0,0,0,0,0,0,0,0,0,0,0,0,0,0,0,0,0,0,0,0,0,0,0,0,0,0,0,0,0,0,0,0,0,0,0,0,0
Rubrobacter xylanophilus,0,4788.1353,0,157.51723,0,0,0,0,104.08761,0,92.78524,0,0,130.1135,0,0,0,817.01215,0,0,0,0,958.53937,0,278.0709,0,0,85.8634,0,0,0,0,0,0,1169.03534,0,0,0,10978.206,134.80283,0,0,0,0
Ruminococcus albus,57292.63196,100858.2134,24601.82458,30143.86916,13981.65404,56172.86611,20623.94362,42499.86679,107102.6958,26493.15718,33262.28197,19038.75855,21225.42881,55648.92697,47477.97152,55565.56022,49409.63276,151515.7414,68439.35579,21997.4468,55826.16689,46170.20702,18085.50543,2103.70541,62990.8338,33430.63569,141260.9607,94522.44874,27168.91355,84477.48336,22162.05831,18333.21834,58655.30361,103327.9577,80800.28153,146635.053,68584.24079,3311.308623,29211.09897,63419.28854,55431.90315,3055.053763,2483.482043,47402.71391
Runella slithyformis,0,0,0,0,0,0,0,0,0,0,0,0,0,0,0,0,0,0,0,0,0,0,0,0,0,0,0,0,0,0,0,0,0,0,0,0,0,0,0,0,0,0,0,0
Saccharophagus degradans,0,0,0,0,0,0,0,0,0,0,0,0,0,0,0,0,0,0,0,0,0,0,0,0,0,0,0,0,0,0,0,0,0,0,0,0,0,0,0,0,0,0,0,0
Saccharopolyspora erythraea,150.37926,0,0,0,0,0,0,0,0,0,0,0,0,0,0,0,0,0,0,0,0,0,0,0,0,0,0,0,0,0,0,0,0,0,0,0,0,0,0,0,0,0,0,0
Salmonella bongori,0,0,0,0,0,0,0,0,0,0,0,0,0,0,0,0,0,0,0,0,0,0,0,0,0,0,0,0,0,0,0,0,0,0,0,0,0,0,0,0,0,0,0,0
Salmonella enterica,0,0,188.991575,208.889206,115.33013,14.044714,668.871049,0,69.24987,0,0,0,0,388.530823,0,137.29138,0,30.46952,0,236.69397,483.098336,0,0,119.075,104.38813,0,0,0,0,185.81282,0,0,301.6054,0,0,494.612676,207.737085,104.14421,456.34164,0,80.41127,345.80921,0,2004.747416
Sebaldella termitidis,0,0,0,0,0,0,0,0,0,0,0,0,0,0,0,0,0,72.84561,0,0,0,0,0,0,0,0,0,0,0,5043.179,0,0,0,0,0,0,0,0,0,0,0,0,0,0
Selenomonas sputigena,0,6636.00679,0,193.40742,111.11496,0,4661.58611,2738.47743,0,4320.35699,8086.92426,3242.30306,138.37411,15609.9983,0,119.111565,67.70165,156.00685,708.179685,0,0,589.41986,1185.6254,0,2702.01489,0,0,2432.282282,0,675.202417,96.14081,2517.123009,0,53.828674,1182.54021,0,3644.17182,24565.10783,24575.5457,529.042524,3452.72002,0,0,0
Shewanella denitrificans,0,0,0,0,0,0,0,0,0,0,0,0,0,0,0,0,0,0,0,0,0,0,0,0,0,0,0,0,0,0,0,0,0,0,0,0,0,0,0,0,0,0,0,0
Shewanella violacea,0,0,0,0,0,0,0,0,0,0,0,0,0,0,0,0,0,0,0,0,0,0,0,0,0,0,0,0,0,0,0,0,0,0,0,0,0,0,0,0,0,0,0,0
Shigella boydii,0,0,0,0,0,0,0,0,0,0,0,0,0,0,0,0,0,0,0,0,0,0,0,0,0,0,0,0,0,0,0,0,0,0,0,0,0,0,0,0,0,0,0,0
Sideroxydans lithotrophicus,0,0,0,0,0,0,0,0,0,0,0,0,0,0,0,0,0,0,0,0,0,0,0,0,0,0,0,0,0,0,0,0,0,0,0,0,0,0,0,0,0,0,0,0
Slackia heliotrinireducens,0,0,0,0,0,0,0,0,0,0,0,0,0,0,0,0,58.211666,0,0,0,0,0,0,0,0,0,0,0,0,0,0,0,0,0,0,0,0,0,0,0,0,0,0,217.2488
Sorangium cellulosum,0,0,0,0,0,0,0,0,0,239.1002,0,0,0,0,0,0,0,0,0,0,0,0,0,0,0,0,0,0,0,0,0,0,0,0,0,0,0,0,0,0,0,0,0,0
Sphaerobacter thermophilus,0,0,0,0,0,0,0,0,0,0,0,0,0,0,0,0,0,0,0,0,0,0,0,0,0,0,0,0,0,0,0,0,0,0,0,0,0,0,0,0,0,0,0,0
Sphaerochaeta coccoides,0,81.75737,113.719646,129.09613,86.38775,0,0,0,213.016185,0,279.507435,0,0,410.244426,184.70859,138.96353,197.002354,75.759445,0,0,0,0,0,0,2106.57461,146.17268,375.068374,110.666885,0,476.1925,0,147.60475,107.571495,0,178.6648,0,95.68501,0,102.495384,445.895956,287.24017,107.714905,0,86.77351
Sphaerochaeta globus,179.91194,0,0,0,0,0,206.05613,0,0,0,0,0,0,0,0,0,0,0,0,0,0,0,0,0,0,0,66.55492,0,0,0,0,0,0,0,0,0,0,0,245.81247,0,0,0,0,0
Sphingobacterium sp. 21,0,0,0,0,0,0,0,0,0,0,0,0,0,0,0,0,0,0,0,0,0,0,0,0,0,87.94353,0,0,0,0,0,94.06187,0,0,0,0,0,0,0,0,0,0,0,0
Sphingobium sp. SYK-6,0,0,0,0,0,0,0,0,0,0,0,0,0,0,0,0,0,0,0,0,0,0,0,0,0,0,0,0,0,0,0,0,0,0,0,0,0,0,0,0,0,0,0,0
Spirochaeta thermophila,0,0,0,0,0,0,0,0,0,0,0,0,0,0,0,0,0,0,0,0,0,0,0,0,0,0,0,0,0,0,0,0,0,0,0,0,0,0,0,0,0,0,0,0
Staphylococcus aureus,0,96.801285,0,0,0,0,0,0,1292.656424,0,0,0,0,187.83197,0,0,0,191.55582,158.71072,0,0,572.8096,166.20927,123.57516,0,0,1628.156,0,0,0,0,0,0,0,208.38828,0,0,0,0,0,0,0,0,0
Staphylococcus pseudintermedius,0,0,0,0,0,0,0,0,0,0,0,0,0,0,0,0,0,0,0,0,0,0,0,0,0,0,0,0,0,0,0,0,0,0,0,0,0,0,0,0,0,0,0,0
Streptobacillus moniliformis,0,0,0,0,0,0,0,0,92.738884,0,0,0,0,0,0,0,0,0,0,0,0,0,0,0,0,0,0,54.311214,0,0,0,83.106575,0,0,0,0,0,0,0,0,0,0,0,124.31605
Streptococcus agalactiae,0,0,0,0,0,0,0,147.52734,0,176.22697,70.448074,0,0,0,0,0,0,0,0,0,0,0,0,0,0,0,0,0,0,0,0,0,0,0,51.601505,0,0,0,0,0,0,0,0,0
Streptococcus gallolyticus,0,0,0,0,236.01656,0,0,0,0,1783.80994,0,0,0,0,0,0,0,0,0,0,0,0,0,0,0,63.64186,0,0,0,0,0,0,0,0,0,0,0,0,0,0,0,823.21171,0,0
Streptococcus gordonii,0,122.86316,0,0,0,0,0,0,0,0,0,0,0,85.022067,223.848334,0,0,0,0,0,0,0,0,0,0,0,0,0,0,0,0,0,0,0,0,0,0,0,0,136.670266,0,0,0,94.41372
Streptococcus mitis,0,0,0,0,0,0,0,98.33581,0,0,0,0,0,0,0,0,0,0,0,0,0,0,0,0,0,0,0,0,0,131.06084,0,0,0,0,0,0,0,0,0,44.000687,0,0,0,0
Streptococcus mutans,0,119.28253,0,0,117.88914,0,0,96.53734,0,257.40982,66.731606,0,0,0,0,0,0,0,0,0,0,0,0,0,0,0,0,0,0,0,0,0,0,0,0,0,0,0,0,0,0,0,0,0
Streptococcus oralis,0,214.284212,0,0,0,0,0,0,0,0,0,0,0,0,138.43985,0,0,0,0,0,0,0,0,0,0,73.01755,0,58.501785,0,0,0,0,0,0,0,0,51.924896,0,0,64.414474,0,0,89.93328,0
Streptococcus parasanguinis,0,423.608407,195.97202,0,0,0,0,1046.806981,73.36956,0,212.774033,0,0,189.842326,1691.39261,60.614143,0,149.35169,75.35147,0,0,160.598586,0,0,0,0,0,525.02196,0,1732.792875,63.517925,0,57.170853,0,0,291.436614,83.23674,0,0,393.402714,0,0,0,602.737325
Streptococcus parauberis,0,0,0,0,0,0,0,0,0,203.40125,0,0,0,0,0,0,0,60.61501,0,0,0,0,0,0,0,0,0,0,0,0,0,0,0,0,0,0,0,0,0,0,0,0,0,0
Streptococcus pasteurianus,0,0,0,0,100.0872,0,0,0,0,272.47598,0,0,0,0,0,0,0,0,0,0,0,0,0,0,0,0,0,0,0,0,0,0,0,0,0,0,0,0,0,0,0,2877.63119,0,0
Streptococcus pneumoniae,0,1136.01507,0,0,200.282767,0,0,95.1583,78.76962,0,0,0,0,0,389.10107,0,64.27873,409.488996,0,0,0,0,0,0,0,67.7826,0,451.333326,0,422.91523,0,0,0,0,59.532528,336.749266,0,0,0,298.287092,0,0,47.91138,543.202274
Streptococcus pseudopneumoniae,0,95.030426,0,0,0,0,0,70.42551,0,0,0,0,0,0,0,0,0,0,0,0,0,0,0,0,0,0,0,75.22603,0,0,0,0,0,0,0,0,0,0,0,0,0,0,104.18573,124.878685
Streptococcus pyogenes,0,0,76.083015,0,0,0,0,72.14168,99.460236,263.15674,0,87.45133,0,0,336.086276,0,0,63.132874,85.84154,0,0,0,0,0,0,76.392815,0,85.3756,0,114.40862,0,0,0,0,0,84.12455,66.076164,0,0,0,0,0,0,0
Streptococcus salivarius,0,0,0,0,0,0,0,313.994225,0,0,377.254426,0,0,0,0,0,0,0,0,0,0,81.0799,0,0,0,56.766205,0,142.32506,0,171.21205,0,0,0,0,0,0,0,0,0,114.365584,83.82495,0,0,0
Streptococcus sanguinis,0,0,0,0,0,0,0,74.82021,0,359.00278,0,0,0,0,0,0,0,87.668597,0,0,0,0,0,0,0,0,0,101.75684,0,0,0,0,0,0,0,0,0,0,0,0,0,0,0,121.084145
Streptococcus suis,0,0,0,0,0,0,0,0,0,0,0,0,0,0,0,0,192.73535,0,0,0,0,0,0,0,0,0,0,0,0,0,0,0,770.92931,0,0,51.5132,0,0,0,79.51251,94.69398,0,0,103.43165
Streptococcus thermophilus,0,0,0,0,0,0,0,1065.582974,0,402.3053,299.035098,0,0,0,0,0,0,54.55026,3471.50204,0,0,69.08971,0,0,0,0,0,0,0,68.96291,0,0,0,0,0,87.012505,0,0,0,0,0,0,0,0
Streptococcus uberis,0,0,0,0,0,0,0,0,0,0,0,0,0,84.744736,0,0,0,0,0,0,0,0,0,0,0,0,0,0,0,0,0,0,0,0,0,0,0,0,0,0,0,0,0,0
Sulfobacillus acidophilus,0,0,0,0,0,0,0,124.89525,0,0,0,0,0,0,0,154.03514,70.81458,0,0,0,0,0,0,0,0,0,0,83.62286,0,0,0,0,0,0,0,0,0,0,0,0,0,0,0,0
Sulfuricurvum kujiense,0,0,0,0,0,0,0,0,0,0,0,0,0,0,0,0,0,0,0,0,0,0,0,0,0,0,0,0,0,0,0,0,0,0,0,0,0,0,0,0,0,0,0,0
Sulfurihydrogenibium azorense,0,0,0,0,0,0,0,0,0,0,0,0,0,0,0,0,0,0,0,0,0,0,0,0,0,0,0,0,0,0,0,0,0,0,0,0,0,0,0,0,0,0,0,0
Sulfurospirillum deleyianum,0,0,0,0,0,0,0,0,0,0,0,0,0,0,0,0,0,0,0,0,0,0,0,0,0,0,0,0,0,0,0,0,0,0,0,0,0,0,0,0,0,0,0,0
Syntrophobacter fumaroxidans,0,0,0,136.15167,0,0,0,0,0,0,0,0,0,0,0,0,0,4880.459,0,0,0,0,0,0,0,0,0,0,0,906.77673,0,0,0,0,0,0,1688.9553,0,0,0,0,0,0,0
Syntrophobotulus glycolicus,0,226.40313,0,0,0,0,0,0,142.23671,0,0,0,0,0,0,0,0,0,0,0,0,109.58305,0,0,0,0,98.452446,0,0,151.6132,0,0,0,179.44531,0,0,0,0,0,0,0,0,0,0
Syntrophomonas wolfei,0,0,0,0,0,0,0,0,0,0,0,0,0,62.92225,76.15902,0,0,0,0,97.86159,0,94.89594,0,0,0,0,84.87391,103.03608,0,0,0,0,0,0,0,0,0,0,0,0,0,0,0,0
Syntrophothermus lipocalidus,0,165.95081,0,0,0,0,0,0,0,0,0,0,0,139.99268,0,0,0,0,0,0,0,0,0,0,0,110.92016,0,0,0,0,0,83.86294,0,63.85416,0,0,0,0,0,88.838234,0,0,0,0
Syntrophus aciditrophicus,0,83.65414,0,107.49756,0,0,0,0,103.26736,0,0,0,0,52.08271,0,0,155.22282,0,0,0,0,0,0,0,0,0,320.74423,258.28152,0,247.67377,0,0,0,0,0,0,0,0,0,0,0,0,0,0
Taylorella equigenitalis,0,4769.8843,1450.6553,506.438056,1059.27565,256.99136,832.16123,1908.4786,1181.94565,0,1997.03698,0,0,1091.02184,1039.40538,1064.23515,732.86871,2072.467971,5710.8234,0,2423.4539,2762.89119,429.52258,5401.2075,0,1233.990945,320.48312,3402.335564,1578.1125,2707.61702,608.70927,359.0887,172.336297,4148.81712,2158.36973,221.14694,781.93536,3528.422,1001.180814,2081.522094,2818.61057,908.91437,1615.1206,317.14865
Tepidanaerobacter acetatoxydans,0,77.45062,0,0,0,0,0,0,0,0,0,0,0,0,0,0,0,0,0,0,0,0,0,0,0,114.26109,121.017296,0,0,0,0,0,0,0,0,0,0,0,0,96.12586,0,0,0,0
Thauera sp. MZ1T,469.52646,0,0,0,0,0,0,0,1495.771396,0,1544.39318,0,0,181.811705,0,0,0,0,171.69151,0,2693.5125,1072.004074,0,0,0,1233.1869,0,0,0,0,0,1277.7386,0,0,0,220.52502,885.5644,3714.4282,0,0,1870.78221,0,0,1263.08123
Thermaerobacter marianensis,0,0,0,0,0,0,0,0,0,0,0,0,0,0,0,0,0,82.129814,0,0,0,94.61544,0,0,0,0,0,0,0,0,0,134.75438,0,0,0,0,0,0,0,68.86211,0,0,0,0
Thermanaerovibrio acidaminovorans,0,7102.323,0,0,220.17261,0,0,0,0,0,0,0,0,0,0,0,0,0,0,0,0,0,0,0,0,0,0,0,0,6996.178846,0,0,0,0,0,0,0,0,0,0,0,0,0,152.0473
Thermincola potens,0,177.6052,0,0,0,0,0,0,115.10872,0,0,0,0,0,0,0,0,0,114.348625,76.720924,0,0,136.96484,0,0,0,0,0,0,0,0,83.84095,0,0,71.68883,0,0,0,0,133.50821,0,99.010895,0,0
Thermoanaerobacter italicus,0,0,0,0,0,0,0,0,0,0,0,0,0,0,0,0,0,0,0,0,0,0,0,0,0,0,0,0,0,0,0,0,0,0,0,0,0,0,0,0,0,0,0,0
Thermoanaerobacter mathranii,0,0,0,0,0,0,0,0,0,0,0,0,0,0,0,0,0,0,0,0,129.21414,201.20512,0,98.58652,0,0,0,0,0,0,0,0,0,0,0,0,0,0,0,0,0,0,0,0
Thermoanaerobacter pseudethanolicus,0,0,0,0,129.82568,0,0,0,0,0,0,0,0,0,0,0,0,0,0,0,0,0,0,0,0,0,0,0,0,0,0,0,0,0,0,0,0,0,0,0,0,0,0,0
Thermoanaerobacter sp. X513,0,0,0,0,0,0,0,0,0,0,0,0,0,0,0,0,0,0,0,0,0,124.67128,0,0,0,0,0,0,0,0,0,0,0,0,1198.5525,0,0,0,0,0,0,0,0,0
Thermoanaerobacter wiegelii,0,0,0,0,0,0,0,0,0,0,0,0,0,0,0,0,0,0,0,0,0,0,0,0,0,0,0,0,0,0,0,112.68097,0,0,0,0,0,0,394.3472,0,0,0,0,0
Thermoanaerobacterium thermosaccharolyticum,0,0,0,0,0,0,0,0,0,0,0,0,0,0,0,0,0,0,0,0,0,0,0,0,0,0,0,0,0,0,0,0,0,0,0,0,0,0,0,0,0,0,0,0
Thermoanaerobacterium xylanolyticum,0,0,0,0,0,0,0,0,0,0,0,0,0,0,0,0,0,0,0,0,147.39642,0,0,0,0,0,0,0,0,0,0,0,0,0,0,0,0,0,0,0,88.51029,0,0,0
Thermodesulfatator indicus,0,0,0,0,0,0,0,0,0,135.3485,0,0,0,0,0,0,0,0,0,0,0,0,0,0,0,0,0,0,0,0,0,0,0,0,300.57428,0,252.8884,0,0,0,0,169.68867,0,0
Thermodesulfobacterium sp. OPB45,1566.6046,4147.797,0,0,0,0,1319.9395,946.5746,1797.6342,0,0,0,0,0,2443.9482,0,0,1186.609055,0,0,0,0,0,0,317.2721,0,7539.483,0,0,0,1080.1534,0,0,3116.0837,0,0,0,0,3654.976,0,712.86523,0,0,0
Thermodesulfobium narugense,0,676.6267,0,0,0,0,0,0,0,0,0,0,0,260.960616,0,0,220.39822,1066.99297,0,0,0,0,0,0,0,71.68978,2346.92476,52.97665,0,254.88008,0,0,138.23193,0,340.0634,0,0,0,0,1365.3447,0,0,0,0
Thermodesulfovibrio yellowstonii,0,0,0,0,0,0,0,0,19373.469,0,41269.165,0,0,4425.117766,0,0,2500.813,0,0,703.6569,10905.59,0,0,0,0,0,0,0,0,0,0,0,0,0,0,0,0,0,0,721.2063,0,0,0,0
Thermomicrobium roseum,0,0,0,0,0,0,0,0,0,0,0,0,0,0,0,0,0,0,0,0,0,91.067345,0,0,0,0,0,0,0,0,0,0,0,0,0,0,0,0,0,0,0,0,0,0
Thermosediminibacter oceani,0,0,0,0,0,0,0,0,0,0,0,0,0,0,709.9895,0,0,55.208755,0,0,108.94274,0,0,0,0,0,244.42319,793.2679,0,0,0,0,0,0,874.3795,204.97621,0,0,94.000084,0,0,0,0,0
Thermosipho africanus,0,0,0,0,0,0,0,0,0,0,0,0,0,0,0,0,0,0,0,0,0,0,0,0,0,0,0,0,0,0,0,0,0,0,93.278175,0,0,0,0,0,0,0,0,0
Thermotoga lettingae,0,0,0,0,0,0,0,0,0,0,0,0,0,0,0,0,0,0,0,0,0,0,0,0,0,0,0,0,0,0,0,0,0,0,0,0,0,0,0,0,0,0,0,0
Thermotoga maritima,0,0,0,0,0,0,0,0,0,0,0,0,0,0,0,0,0,0,0,0,0,0,0,0,0,0,0,0,0,0,0,0,0,0,62.055058,0,0,0,0,0,0,0,0,0
Thermotoga thermarum,0,0,0,0,0,0,0,0,0,0,0,0,0,0,0,0,0,0,0,0,0,0,0,0,0,0,0,0,0,0,0,0,0,0,0,0,0,0,0,0,0,0,0,0
Thermovibrio ammonificans,0,0,0,0,0,0,0,0,0,0,0,0,0,0,0,0,0,0,0,0,0,0,0,0,0,0,0,0,0,0,0,0,0,0,0,0,0,0,0,0,0,0,0,0
Thioalkalimicrobium cyclicum,0,0,0,0,104.264854,0,0,0,0,0,0,0,0,0,0,0,0,0,0,0,0,0,0,0,0,0,0,0,0,0,0,0,0,0,0,0,0,0,0,0,0,0,0,0
Thioalkalivibrio sp. K90mix,0,0,0,0,0,0,0,0,0,0,0,0,0,0,0,0,0,0,0,0,0,0,0,0,0,0,0,0,0,0,0,0,0,0,0,0,0,0,0,0,0,0,0,0
Thiobacillus denitrificans,0,0,0,0,0,0,0,0,0,0,0,0,0,0,0,0,0,147.8317,0,0,0,0,0,0,0,0,0,0,0,0,0,0,0,0,0,0,0,0,0,427.50132,253.07515,0,0,0
Thiomicrospira crunogena,0,0,0,0,0,0,0,0,0,0,0,0,0,0,0,0,0,0,0,0,0,0,0,0,0,0,0,0,0,0,0,0,0,0,0,0,0,0,0,0,0,0,0,0
Tolumonas auensis,0,0,0,0,0,0,0,0,0,0,0,0,0,0,0,0,0,0,0,0,0,0,0,0,0,0,0,0,0,0,0,0,0,0,0,0,0,0,0,0,0,0,0,0
Treponema azotonutricium,0,0,0,0,0,0,0,0,0,0,0,0,0,0,0,0,0,0,0,0,0,0,0,0,0,0,0,0,0,0,0,0,0,0,0,0,0,0,138.48515,0,0,0,0,0
Treponema denticola,194.25052,0,0,0,0,0,0,0,0,0,0,0,0,0,0,0,0,0,0,0,0,0,0,0,0,0,0,0,0,0,0,0,0,0,142.83972,0,0,0,0,0,0,0,0,0
Treponema primitia,0,0,0,0,0,0,0,0,0,0,0,0,0,0,0,0,0,0,0,0,0,0,0,0,0,0,0,0,0,0,0,0,0,0,0,0,0,0,0,0,0,0,0,0
Treponema succinifaciens,3950.08002,6457.60377,3135.0028,819.42807,823.87753,1.9873284,1850.51896,1598.94897,4237.34405,3674.00263,3752.118961,1263.24942,373.47621,3977.865101,1997.68203,10269.22702,2674.5273,7201.558374,3120.723602,127.84511,4948.02637,1603.732136,2619.389306,454.61815,1160.819384,726.878424,3757.53301,3442.91374,0,5530.602586,500.38786,559.203114,1913.740755,1076.01517,1022.553016,1050.902944,909.484474,242.8584,794.68435,1841.184416,1097.61586,500.036887,547.88877,1372.29776
Truepera radiovictrix,0,0,0,0,0,0,0,0,0,0,0,0,0,0,0,0,0,0,0,0,0,170.63925,0,0,0,0,0,0,0,0,0,0,0,0,0,0,0,0,0,0,0,0,0,0
Variovorax paradoxus,0,0,0,0,0,0,0,0,0,0,0,0,0,0,0,0,0,0,0,0,0,0,0,0,0,0,0,0,0,0,0,87.31109,0,0,0,0,0,0,114.15174,0,0,0,0,0
Veillonella parvula,947.35882,275.34439,483.2051,1484.744252,7999.932055,44.56336,1456.050427,3517.536381,2221.914376,0,14307.15527,0,0,197.690266,0,1742.080944,463.22437,1790.625424,44644.02205,99.74026,1092.2805,7171.63275,11587.5484,0,1074.337044,210.28441,89.06253,1500.960666,0,7311.365027,671.94598,84.086136,0,969.14132,2901.634021,11041.08433,359.79651,102.97556,6024.66063,2454.486542,4919.202099,21887.29269,0,1526.96575
Vibrio anguillarum,0,0,0,0,0,0,0,0,0,0,0,0,0,0,0,0,0,0,0,0,0,0,0,0,0,0,0,0,0,0,0,0,0,0,0,0,0,0,0,0,0,0,0,0
Vibrio cholerae,0,0,0,0,0,0,0,0,0,0,0,0,0,0,0,0,0,0,0,0,0,0,0,0,0,0,0,0,80.615135,0,0,2159.830164,0,0,0,0,0,0,0,0,0,0,0,0
Vibrio sp. Ex25,0,0,0,0,0,0,0,0,0,0,0,0,0,0,0,0,0,0,0,0,0,0,0,0,0,0,0,0,0,0,0,0,0,0,0,0,0,0,0,0,0,0,0,0
Vibrio vulnificus,0,0,0,0,0,0,0,0,0,0,0,0,0,84.66695,0,0,0,0,0,0,0,0,0,0,0,0,0,0,0,0,0,0,0,0,0,0,0,0,0,0,0,0,0,0
Waddlia chondrophila,0,0,0,0,0,0,0,0,0,0,0,0,0,0,0,0,0,0,0,0,0,105.76497,0,0,0,0,0,0,0,0,0,0,0,0,0,0,0,0,0,0,0,0,0,0
Weeksella virosa,0,0,0,0,0,0,0,0,250.778552,0,0,0,0,0,0,0,0,0,0,83.4324,93.486565,115.0115,0,0,0,0,0,0,0,0,0,0,0,0,0,0,0,0,0,0,0,0,0,0
Weissella koreensis,0,115.755356,0,0,0,0,0,0,0,0,0,0,0,65.5856,0,0,113.80705,89.92402,0,0,0,0,0,0,0,0,326.37674,0,0,0,0,0,0,0,0,0,0,0,0,0,0,0,0,0
Wolbachia endosymbiont of Culex quinquefasciatus,0,0,0,0,0,0,0,0,0,0,0,0,0,0,0,0,0,0,0,0,0,0,0,0,0,0,0,0,0,0,0,0,0,0,0,0,0,0,0,0,0,0,0,0
Xenorhabdus bovienii,0,0,0,0,0,0,0,0,0,0,0,0,0,0,0,0,0,0,0,0,0,0,0,0,0,0,0,0,0,0,0,0,0,0,0,0,0,0,0,0,0,0,0,0
Xenorhabdus nematophila,0,0,0,0,0,0,0,0,0,0,0,0,0,0,0,0,0,0,0,0,0,0,0,0,0,0,0,0,0,0,0,0,0,0,0,0,0,0,0,0,0,0,0,0
Yersinia pestis,0,0,0,0,0,0,0,0,0,0,0,0,0,0,0,0,0,0,0,0,0,0,0,0,0,0,0,0,0,0,0,0,337.2022,0,0,0,0,0,0,0,0,0,0,0
Yersinia pseudotuberculosis,0,0,0,0,0,0,0,0,0,0,0,0,0,0,0,0,0,0,0,0,0,0,0,0,0,0,95.42411,0,0,0,0,0,0,0,0,0,0,0,0,0,0,0,0,0
Zobellia galactanivorans,0,0,0,0,0,0,0,0,0,0,0,0,0,0,0,0,0,0,0,0,0,0,0,0,0,0,0,0,0,0,0,0,0,0,0,0,0,0,0,0,0,0,0,0
Zunongwangia profunda,0,0,0,0,0,0,0,0,0,0,0,0,0,0,0,0,0,0,0,0,123.346504,0,0,0,113.2621,0,0,0,0,57.73641,0,0,0,0,0,0,0,0,0,0,0,0,0,0
